Time,Lap_Number,Engine_RPM,Engine_Torque_Nm,Speed_MS,Lat_Accel_G,Long_Accel_G,Pitch_Rad,Roll_Rad,CG_Height_m,Load_FL_N,Load_FR_N,Load_RL_N,Load_RR_N
0.0,1,0,0.0,0.01,-0.025,0.152,0.977,0.019,0.0,2,0,0,100
0.019,1,0,0.0,0.0,-0.1,0.132,0.977,0.0205,0.0,2,0,0,100
0.035,1,0,0.0,0.01,0.129,0.153,0.977,0.0193,0.0,2,0,0,100
0.067,1,0,0.0,0.01,-0.015,0.154,0.977,0.0187,0.0,2,0,0,100
0.098,1,0,0.0,0.0,-0.014,0.144,0.977,0.0203,0.0,2,0,0,100
0.114,1,0,0.0,0.0,0.051,0.118,0.977,0.0194,0.0,2,0,0,100
0.13,1,0,0.0,0.0,-0.039,-0.125,0.977,0.0172,0.0,-2,0,0,100
0.162,1,0,0.0,0.01,-0.018,0.132,0.977,0.0176,0.0,2,0,0,100
0.178,1,0,0.0,0.01,0.068,-0.151,0.977,0.0174,0.0,-2,0,0,100
0.209,1,0,0.0,0.0,0.015,0.148,0.977,0.0178,0.0,2,0,0,100
0.24,1,0,0.0,0.01,-0.004,0.149,0.977,0.0183,0.0,2,0,0,100
0.271,1,0,0.0,0.0,0.061,0.125,0.977,0.0184,0.0,2,0,0,100
0.288,1,0,0.0,0.0,0.046,0.122,0.977,0.019,0.0,2,0,0,100
0.319,1,0,0.0,0.0,-0.05,0.163,0.977,0.0205,0.0,2,0,0,100
0.335,1,0,0.0,0.0,0.054,0.135,0.977,0.0208,0.0,2,0,0,100
0.367,1,0,0.0,0.0,0.039,0.145,0.977,0.0203,0.0,2,0,0,100
0.399,1,0,0.0,0.0,0.012,-0.176,0.977,0.0214,0.0,-2,0,0,100
0.415,1,0,0.0,0.0,-0.084,0.157,0.977,0.0203,0.0,2,0,0,100
0.446,1,0,0.0,0.0,0.016,0.158,0.977,0.0202,0.0,2,0,0,100
0.476,1,0,0.0,0.0,0.015,-0.155,0.977,0.0192,0.0,-2,0,0,100
0.507,1,0,0.0,0.0,-0.033,-0.165,0.977,0.0187,0.0,-2,0,0,100
0.524,1,0,0.0,0.01,-0.021,0.141,0.977,0.02,0.0,2,0,0,100
0.54,1,0,0.0,0.0,-0.085,0.128,0.977,0.0203,0.0,2,0,0,100
0.572,1,0,0.0,0.0,0.024,0.131,0.977,0.0191,0.0,2,0,0,100
0.602,1,0,0.0,0.01,-0.225,-0.17,0.977,0.017,0.0,-2,0,0,100
0.619,1,0,0.0,0.01,0.21,0.147,0.977,0.0178,0.0,2,0,0,100
0.649,1,0,0.0,0.01,0.072,0.133,0.977,0.0173,0.0,2,0,0,100
0.665,1,0,0.0,0.01,0.152,0.159,0.977,0.0182,0.0,2,0,0,100
0.697,1,0,0.0,0.01,0.234,0.13,0.977,0.0155,0.0,2,0,0,100
0.713,1,0,0.0,0.01,-0.014,0.132,0.977,0.0131,0.0,2,0,0,100
0.745,1,0,0.0,0.0,0.042,0.159,0.977,0.0162,0.0,2,0,0,100
0.775,1,0,0.0,0.01,0.024,0.16,0.977,0.018,0.0,2,0,0,100
0.805,1,0,0.0,0.01,0.02,0.137,0.977,0.0171,0.0,2,0,0,100
0.837,1,0,0.0,0.0,0.016,-0.138,0.977,0.0153,0.0,-2,0,0,100
0.854,1,0,0.0,0.0,0.005,0.143,0.977,0.0165,0.0,2,0,0,100
0.87,1,0,0.0,0.0,0.003,0.129,0.977,0.0176,0.0,2,0,0,100
0.902,1,0,0.0,0.0,0.067,0.15,0.977,0.0188,0.0,2,0,0,100
0.932,1,0,0.0,0.0,0.001,0.156,0.977,0.0207,0.0,2,0,0,100
0.949,1,0,0.0,0.0,-0.003,0.163,0.977,0.0191,0.0,2,0,0,100
0.965,1,0,0.0,0.0,0.009,-0.181,0.977,0.0203,0.0,-2,0,0,100
0.997,1,0,0.0,0.0,-0.005,0.134,0.977,0.0202,0.0,2,0,0,100
1.027,1,0,0.0,0.0,0.02,0.147,0.977,0.0205,0.0,2,0,0,100
1.044,1,0,0.0,0.0,-0.072,0.166,0.977,0.0203,0.0,2,0,0,100
1.06,1,0,0.0,0.0,0.011,-0.153,0.977,0.0186,0.0,-2,0,0,100
1.09,1,0,0.0,0.0,-0.043,-0.135,0.977,0.0203,0.0,-2,0,0,100
1.121,1,0,0.0,0.0,-0.048,0.134,0.977,0.0183,0.0,2,0,0,100
1.153,1,0,0.0,0.0,0.028,0.149,0.977,0.0193,0.0,2,0,0,100
1.185,1,0,0.0,0.01,0.083,-0.149,0.977,0.021,0.0,-2,0,0,100
1.201,1,0,0.0,0.0,-0.035,0.166,0.977,0.0203,0.0,2,0,0,100
1.232,1,0,0.0,0.0,-0.003,0.149,0.977,0.0207,0.0,2,0,0,100
1.263,1,0,0.0,0.01,-0.053,-0.142,0.977,0.02,0.0,-2,0,0,100
1.279,1,0,0.0,0.01,0.037,0.156,0.977,0.0211,0.0,2,0,0,100
1.31,1,0,0.0,0.01,0.071,0.175,0.977,0.0203,0.0,2,0,0,100
1.34,1,0,0.0,0.01,0.123,0.165,0.977,0.0202,0.0,2,0,0,100
1.371,1,0,0.0,0.0,0.027,-0.124,0.977,0.019,0.0,-2,0,0,100
1.388,1,0,0.0,0.01,-0.002,0.141,0.977,0.0194,0.0,2,0,0,100
1.404,1,0,0.0,0.01,0.063,0.151,0.977,0.0201,0.0,2,0,0,100
1.435,1,0,0.0,0.0,-0.044,0.136,0.977,0.0208,0.0,2,0,0,100
1.465,1,0,0.0,0.0,0.066,0.161,0.977,0.0202,0.0,2,0,0,100
1.482,1,0,0.0,0.01,-0.087,0.145,0.977,0.0203,0.0,2,0,0,100
1.513,1,0,0.0,0.01,0.048,0.146,0.977,0.02,0.0,2,0,0,100
1.529,1,0,0.0,0.01,0.018,0.148,0.977,0.0206,0.0,2,0,0,100
1.561,1,0,0.0,0.01,0.064,0.134,0.977,0.0205,0.0,2,0,0,100
1.578,1,0,0.0,0.01,-0.048,0.158,0.977,0.0208,0.0,2,0,0,100
1.608,1,0,0.0,0.0,-0.126,0.124,0.977,0.0203,0.0,2,0,0,100
1.625,1,0,0.0,0.01,0.187,-0.141,0.977,0.0186,0.0,-2,0,0,100
1.655,1,0,0.0,0.0,-0.066,0.136,0.977,0.0204,0.0,2,0,0,100
1.687,1,0,0.0,0.0,0.07,0.125,0.977,0.0208,0.0,2,0,0,100
1.718,1,0,0.0,0.0,-0.014,-0.149,0.977,0.0209,0.0,-2,0,0,100
1.735,1,0,0.0,0.0,-0.029,0.133,0.977,0.0203,0.0,2,0,0,100
1.765,1,0,0.0,0.0,-0.019,0.174,0.977,0.0205,0.0,2,0,0,100
1.797,1,0,0.0,0.0,0.026,-0.158,0.977,0.0207,0.0,-2,0,0,100
1.828,1,0,0.0,0.0,0.016,-0.152,0.977,0.0211,0.0,-2,0,0,100
1.86,1,0,0.0,0.0,0.046,0.153,0.977,0.0202,0.0,2,0,0,100
1.89,1,0,0.0,0.01,-0.047,0.18,0.977,0.0202,0.0,2,0,0,100
1.907,1,0,0.0,0.01,-0.008,-0.137,0.977,0.0203,0.0,-2,0,0,100
1.938,1,0,0.0,0.01,0.18,0.161,0.977,0.0202,0.0,2,0,0,100
1.954,1,0,0.0,0.0,-0.213,-0.165,0.977,0.0209,0.0,-2,0,0,100
1.985,1,0,0.0,0.01,-0.14,0.161,0.977,0.0205,0.0,2,0,0,100
2.002,1,0,0.0,0.01,0.098,-0.129,0.977,0.0206,0.0,-2,0,0,100
2.034,1,0,0.0,0.0,-0.185,0.151,0.977,0.0183,0.0,2,0,0,100
2.05,1,0,0.0,0.0,0.182,-0.157,0.977,0.0188,0.0,-2,0,0,100
2.082,1,0,0.0,0.01,0.052,0.133,0.977,0.0197,0.0,2,0,0,100
2.114,1,0,0.0,0.01,0.01,0.143,0.977,0.0208,0.0,2,0,0,100
2.13,1,0,0.0,0.01,0.024,0.17,0.977,0.0211,0.0,2,0,0,100
2.16,1,0,0.0,0.01,-0.021,0.14,0.977,0.0196,0.0,2,0,0,100
2.191,1,0,0.0,0.0,0.025,0.106,0.977,0.0206,0.0,2,0,0,100
2.207,1,0,0.0,0.01,0.03,-0.196,0.977,0.0211,0.0,-2,0,0,100
2.238,1,0,0.0,0.0,-0.019,0.148,0.977,0.0202,0.0,2,0,0,100
2.268,1,0,0.0,0.0,0.066,0.148,0.977,0.0204,0.0,2,0,0,100
2.3,1,0,0.0,0.0,0.003,0.127,0.977,0.0212,0.0,2,0,0,100
2.33,1,0,0.0,0.01,-0.237,-0.14,0.977,0.0175,0.0,-2,0,0,100
2.347,1,0,0.0,0.01,0.214,0.115,0.977,0.0183,0.0,2,0,0,100
2.363,1,0,0.0,0.01,-0.1,-0.154,0.977,0.0188,0.0,-2,0,0,100
2.394,1,0,0.0,0.0,0.199,0.13,0.977,0.0198,0.0,2,0,0,100
2.41,1,0,0.0,0.0,-0.171,-0.125,0.977,0.021,0.0,-2,0,0,100
2.441,1,0,0.0,0.0,-0.061,0.15,0.977,0.0192,0.0,2,0,0,100
2.458,1,0,0.0,0.0,0.024,-0.127,0.977,0.0196,0.0,-2,0,0,100
2.474,1,0,0.0,0.0,0.004,0.13,0.977,0.0203,0.0,2,0,0,100
2.49,1,0,0.0,0.0,0.038,0.129,0.977,0.0204,0.0,2,0,0,100
2.521,1,0,0.0,0.0,-0.04,0.136,0.977,0.0205,0.0,2,0,0,100
2.552,1,0,0.0,0.01,0.098,-0.136,0.977,0.0202,0.0,-2,0,0,100
2.583,1,0,0.0,0.01,-0.044,-0.17,0.977,0.0209,0.0,-2,0,0,100
2.613,1,0,0.0,0.0,-0.034,-0.142,0.977,0.0211,0.0,-2,0,0,100
2.645,1,0,0.0,0.0,-0.027,-0.175,0.977,0.0209,0.0,-2,0,0,100
2.677,1,0,0.0,0.0,-0.049,0.152,0.977,0.0206,0.0,2,0,0,100
2.693,1,0,0.0,0.0,0.049,-0.138,0.977,0.0215,0.0,-2,0,0,100
2.709,1,0,0.0,0.0,0.022,-0.145,0.977,0.0207,0.0,-2,0,0,100
2.74,1,0,0.0,0.0,0.06,-0.157,0.977,0.0206,0.0,-2,0,0,100
2.771,1,0,0.0,0.0,-0.049,-0.147,0.977,0.0192,0.0,-2,0,0,100
2.787,1,0,0.0,0.0,0.061,-0.143,0.977,0.0194,0.0,-2,0,0,100
2.803,1,0,0.0,0.0,-0.057,0.122,0.977,0.0203,0.0,2,0,0,100
2.835,1,0,0.0,0.0,0.019,-0.123,0.977,0.0193,0.0,-2,0,0,100
2.852,1,0,0.0,0.0,-0.021,0.125,0.977,0.0203,0.0,2,0,0,100
2.868,1,0,0.0,0.0,0.029,0.123,0.977,0.0191,0.0,2,0,0,100
2.9,1,0,0.0,0.0,0.025,0.117,0.977,0.0181,0.0,2,0,0,100
2.917,1,0,0.0,0.0,0.051,0.117,0.977,0.0178,0.0,2,0,0,100
2.947,1,0,0.0,0.0,0.009,0.13,0.977,0.0184,0.0,2,0,0,100
2.977,1,0,0.0,0.0,-0.034,0.142,0.977,0.0195,0.0,2,0,0,100
2.993,1,0,0.0,0.0,0.063,0.155,0.977,0.0208,0.0,2,0,0,100
3.025,1,0,0.0,0.0,0.009,0.167,0.977,0.0207,0.0,2,0,0,100
3.056,1,0,0.0,0.0,0.101,0.15,0.977,0.0205,0.0,2,0,0,100
3.087,1,0,0.0,0.0,0.062,-0.142,0.977,0.0207,0.0,-2,0,0,100
3.104,1,0,0.0,0.0,-0.034,0.147,0.977,0.019,0.0,2,0,0,100
3.12,1,0,0.0,0.0,0.037,0.162,0.977,0.0174,0.0,2,0,0,100
3.152,1,0,0.0,0.01,0.096,0.151,0.977,0.0165,0.0,2,0,0,100
3.183,1,0,0.0,0.0,-0.029,-0.154,0.977,0.0183,0.0,-2,0,0,100
3.2,1,0,0.0,0.0,-0.007,0.136,0.977,0.0188,0.0,2,0,0,100
3.231,1,0,0.0,0.0,0.001,-0.121,0.977,0.0213,0.0,-2,0,0,100
3.262,1,0,0.0,0.0,0.147,-0.151,0.977,0.0201,0.0,-2,0,0,100
3.278,1,0,0.0,0.0,-0.089,-0.151,0.977,0.0205,0.0,-2,0,0,100
3.295,1,0,0.0,0.0,0.126,0.131,0.977,0.02,0.0,2,0,0,100
3.325,1,0,0.0,0.0,0.051,0.138,0.977,0.02,0.0,2,0,0,100
3.356,1,0,0.0,0.0,0.014,0.169,0.977,0.0202,0.0,2,0,0,100
3.388,1,0,0.0,0.01,0.056,-0.146,0.977,0.0193,0.0,-2,0,0,100
3.404,1,0,0.0,0.01,0.019,0.168,0.977,0.0208,0.0,2,0,0,100
3.42,1,0,0.0,0.01,0.039,0.146,0.977,0.0191,0.0,2,0,0,100
3.451,1,0,0.0,0.01,0.013,0.16,0.977,0.0209,0.0,2,0,0,100
3.467,1,0,0.0,0.0,0.175,-0.144,0.977,0.0206,0.0,-2,0,0,100
3.498,1,0,0.0,0.01,0.142,0.125,0.977,0.0209,0.0,2,0,0,100
3.529,1,0,0.0,0.0,0.079,0.143,0.977,0.0209,0.0,2,0,0,100
3.546,1,0,0.0,0.0,0.02,0.126,0.977,0.0208,0.0,2,0,0,100
3.562,1,0,0.0,0.0,0.026,-0.147,0.977,0.0204,0.0,-2,0,0,100
3.593,1,0,0.0,0.0,-0.013,0.17,0.977,0.0185,0.0,2,0,0,100
3.625,1,0,0.0,0.01,-0.034,0.169,0.977,0.0193,0.0,2,0,0,100
3.656,1,0,0.0,0.0,-0.007,0.137,0.977,0.0205,0.0,2,0,0,100
3.688,1,0,0.0,0.01,0.043,-0.162,0.977,0.0205,0.0,-2,0,0,100
3.719,1,0,0.0,0.0,0.056,-0.13,0.977,0.0202,0.0,-2,0,0,100
3.75,1,0,0.0,0.01,0.067,0.148,0.977,0.0201,0.0,2,0,0,100
3.781,1,0,0.0,0.0,0.072,0.133,0.977,0.0195,0.0,2,0,0,100
3.798,1,0,0.0,0.0,0.023,0.156,0.977,0.0202,0.0,2,0,0,100
3.814,1,0,0.0,0.0,-0.031,-0.179,0.977,0.0194,0.0,-2,0,0,100
3.845,1,0,0.0,0.0,-0.043,-0.167,0.977,0.0192,0.0,-2,0,0,100
3.861,1,0,0.0,0.0,0.009,-0.15,0.977,0.0209,0.0,-2,0,0,100
3.878,1,0,0.0,0.0,-0.007,0.153,0.977,0.0204,0.0,2,0,0,100
3.894,1,0,0.0,0.0,-0.031,0.146,0.977,0.0207,0.0,2,0,0,100
3.924,1,0,0.0,0.0,0.011,0.156,0.977,0.0185,0.0,2,0,0,100
3.955,1,0,0.0,0.0,0.002,0.124,0.977,0.0193,0.0,2,0,0,100
3.972,1,0,0.0,0.0,0.023,0.153,0.977,0.0204,0.0,2,0,0,100
4.003,1,0,0.0,0.0,0.004,0.17,0.977,0.0202,0.0,2,0,0,100
4.02,1,0,0.0,0.0,0.055,0.135,0.977,0.0203,0.0,2,0,0,100
4.051,1,0,0.0,0.01,0.025,0.15,0.977,0.021,0.0,2,0,0,100
4.067,1,0,0.0,0.0,-0.173,-0.143,0.977,0.0204,0.0,-2,0,0,100
4.098,1,0,0.0,0.0,-0.109,0.156,0.977,0.0208,0.0,2,0,0,100
4.115,1,0,0.0,0.0,-0.022,-0.169,0.977,0.0191,0.0,-2,0,0,100
4.132,1,0,0.0,0.0,-0.025,-0.144,0.977,0.0205,0.0,-2,0,0,100
4.162,1,0,0.0,0.0,0.059,-0.145,0.977,0.0201,0.0,-2,0,0,100
4.178,1,0,0.0,0.0,-0.028,-0.147,0.977,0.0203,0.0,-2,0,0,100
4.195,1,0,0.0,0.0,0.04,0.148,0.977,0.0204,0.0,2,0,0,100
4.225,1,0,0.0,0.0,-0.005,0.16,0.977,0.0203,0.0,2,0,0,100
4.257,1,0,0.0,0.0,-0.115,-0.134,0.977,0.0189,0.0,-2,0,0,100
4.288,1,0,0.0,0.0,0.014,-0.16,0.977,0.0197,0.0,-2,0,0,100
4.32,1,0,0.0,0.0,0.03,0.138,0.977,0.0194,0.0,2,0,0,100
4.35,1,0,0.0,0.0,-0.028,0.134,0.977,0.0206,0.0,2,0,0,100
4.381,1,0,0.0,0.0,-0.016,0.137,0.977,0.0212,0.0,2,0,0,100
4.398,1,0,0.0,0.0,-0.019,0.144,0.977,0.0203,0.0,2,0,0,100
4.414,1,0,0.0,0.01,-0.059,-0.141,0.977,0.0208,0.0,-2,0,0,100
4.444,1,0,0.0,0.0,-0.019,-0.151,0.977,0.0191,0.0,-2,0,0,100
4.461,1,0,0.0,0.0,0.033,-0.135,0.977,0.0191,0.0,-2,0,0,100
4.477,1,0,0.0,0.0,-0.041,0.166,0.977,0.0206,0.0,2,0,0,100
4.507,1,0,0.0,0.0,0.057,0.126,0.977,0.0203,0.0,2,0,0,100
4.538,1,0,0.0,0.01,0.004,0.15,0.977,0.0192,0.0,2,0,0,100
4.569,1,0,0.0,0.0,0.042,-0.149,0.977,0.0191,0.0,-2,0,0,100
4.585,1,0,0.0,0.0,0.014,0.143,0.977,0.0204,0.0,2,0,0,100
4.617,1,0,0.0,0.0,0.016,-0.139,0.977,0.0189,0.0,-2,0,0,100
4.633,1,0,0.0,0.0,0.089,0.144,0.977,0.0201,0.0,2,0,0,100
4.665,1,0,0.0,0.0,0.062,-0.153,0.977,0.0162,0.0,-2,0,0,100
4.681,1,0,0.0,0.0,-0.047,0.14,0.977,0.0154,0.0,2,0,0,100
4.712,1,0,0.0,0.0,-0.053,0.144,0.977,0.0167,0.0,2,0,0,100
4.743,1,0,0.0,0.0,-0.05,-0.135,0.977,0.0185,0.0,-2,0,0,100
4.774,1,0,0.0,0.0,-0.15,-0.119,0.977,0.0211,0.0,-2,0,0,100
4.805,1,0,0.0,0.01,-0.049,-0.133,0.977,0.0204,0.0,-2,0,0,100
4.837,1,0,0.0,0.01,0.225,0.151,0.977,0.0212,0.0,2,0,0,100
4.868,1,0,0.0,0.0,-0.117,-0.143,0.977,0.021,0.0,-2,0,0,100
4.9,1,0,0.0,0.0,-0.119,-0.153,0.977,0.0204,0.0,-2,0,0,100
4.917,1,0,0.0,0.01,-0.024,-0.159,0.977,0.0208,0.0,-2,0,0,100
4.947,1,0,0.0,0.01,-0.079,-0.154,0.977,0.0211,0.0,-2,0,0,100
4.963,1,0,0.0,0.0,0.069,0.129,0.977,0.0211,0.0,2,0,0,100
4.994,1,0,0.0,0.01,-0.033,0.159,0.977,0.0212,0.0,2,0,0,100
5.025,1,0,0.0,0.0,0.021,-0.151,0.977,0.0186,0.0,-2,0,0,100
5.055,1,0,0.0,0.0,0.089,-0.14,0.977,0.0165,0.0,-2,0,0,100
5.085,1,0,0.0,0.0,0.107,-0.136,0.977,0.0181,0.0,-2,0,0,100
5.116,1,0,0.0,0.0,0.017,-0.114,0.977,0.0192,0.0,-2,0,0,100
5.146,1,0,0.0,0.0,0.01,-0.154,0.977,0.0212,0.0,-2,0,0,100
5.178,1,0,0.0,0.0,0.056,0.147,0.977,0.0195,0.0,2,0,0,100
5.209,1,0,0.0,0.0,-0.044,0.142,0.977,0.0179,0.0,2,0,0,100
5.225,1,0,0.0,0.0,-0.011,0.135,0.977,0.0176,0.0,2,0,0,100
5.256,1,0,0.0,0.0,-0.029,0.152,0.977,0.019,0.0,2,0,0,100
5.287,1,0,0.0,0.0,0.009,0.159,0.977,0.0207,0.0,2,0,0,100
5.318,1,0,0.0,0.0,-0.014,-0.15,0.977,0.0193,0.0,-2,0,0,100
5.349,1,0,0.0,0.0,-0.023,-0.146,0.977,0.0206,0.0,-2,0,0,100
5.381,1,0,0.0,0.01,0.174,-0.122,0.977,0.0206,0.0,-2,0,0,100
5.397,1,0,0.0,0.01,-0.041,-0.166,0.977,0.021,0.0,-2,0,0,100
5.428,1,0,0.0,0.01,0.035,-0.142,0.9769,0.0194,0.0,-2,0,0,100
5.445,1,0,0.0,0.0,-0.166,-0.158,0.9769,0.0189,0.0,-2,0,0,100
5.475,1,0,0.0,0.01,-0.026,-0.134,0.9769,0.017,0.0,-2,0,0,100
5.507,1,0,0.0,0.01,0.099,-0.143,0.9769,0.017,0.0,-2,0,0,100
5.538,1,0,0.0,0.01,0.045,0.15,0.9769,0.0172,0.0,2,0,0,100
5.568,1,0,0.0,0.0,-0.01,0.12,0.9769,0.0179,0.0,2,0,0,100
5.6,1,0,0.0,0.01,-0.056,0.136,0.9769,0.0174,0.0,2,0,0,100
5.63,1,0,0.0,0.0,-0.028,-0.122,0.9769,0.0189,0.0,-2,0,0,100
5.661,1,0,0.0,0.0,-0.015,-0.154,0.9769,0.0209,0.0,-2,0,0,100
5.691,1,0,0.0,0.0,0.013,-0.168,0.9769,0.0208,0.0,-2,0,0,100
5.708,1,0,0.0,0.0,-0.05,0.157,0.9769,0.0209,0.0,2,0,0,100
5.738,1,0,0.0,0.0,-0.029,-0.166,0.9769,0.02,0.0,-2,0,0,100
5.77,1,0,0.0,0.0,-0.003,-0.156,0.9769,0.0201,0.0,-2,0,0,100
5.802,1,0,0.0,0.0,0.046,0.144,0.9769,0.0205,0.0,2,0,0,100
5.818,1,0,0.0,0.0,0.076,-0.143,0.9769,0.0185,0.0,-2,0,0,100
5.85,1,0,0.0,0.0,0.083,0.143,0.9769,0.0184,0.0,2,0,0,100
5.881,1,0,0.0,0.01,0.035,0.153,0.9769,0.0194,0.0,2,0,0,100
5.897,1,0,0.0,0.01,-0.159,-0.129,0.9769,0.0204,0.0,-2,0,0,100
5.913,1,0,0.0,0.01,-0.049,-0.151,0.9769,0.0211,0.0,-2,0,0,100
5.944,1,0,0.0,0.0,-0.007,-0.179,0.9769,0.0202,0.0,-2,0,0,100
5.96,1,0,0.0,0.0,0.029,0.153,0.9769,0.0192,0.0,2,0,0,100
5.992,1,0,0.0,0.01,0.009,-0.148,0.9769,0.0191,0.0,-2,0,0,100
6.022,1,0,0.0,0.0,0.048,-0.152,0.9769,0.0194,0.0,-2,0,0,100
6.053,1,0,0.0,0.0,0.011,0.15,0.9769,0.0211,0.0,2,0,0,100
6.084,1,0,0.0,0.01,0.048,0.149,0.9769,0.021,0.0,2,0,0,100
6.115,1,0,0.0,0.0,0.023,0.113,0.9769,0.0206,0.0,2,0,0,100
6.147,1,0,0.0,0.0,0.032,-0.124,0.9769,0.0202,0.0,-2,0,0,100
6.178,1,0,0.0,0.0,-0.002,-0.158,0.9769,0.0202,0.0,-2,0,0,100
6.209,1,0,0.0,0.0,0.079,-0.153,0.9769,0.0193,0.0,-2,0,0,100
6.24,1,0,0.0,0.0,-0.057,0.164,0.9769,0.0206,0.0,2,0,0,100
6.271,1,0,0.0,0.0,0.026,0.133,0.9769,0.0212,0.0,2,0,0,100
6.301,1,0,0.0,0.01,0.046,0.136,0.9769,0.0204,0.0,2,0,0,100
6.332,1,0,0.0,0.01,-0.034,0.132,0.9769,0.0205,0.0,2,0,0,100
6.348,1,0,0.0,0.01,-0.128,0.149,0.9769,0.0201,0.0,2,0,0,100
6.365,1,0,0.0,0.01,0.042,-0.134,0.9769,0.0189,0.0,-2,0,0,100
6.395,1,0,0.0,0.0,-0.126,-0.127,0.9769,0.0177,0.0,-2,0,0,100
6.425,1,0,0.0,0.01,0.111,0.149,0.9769,0.0189,0.0,2,0,0,100
6.457,1,0,0.0,0.01,0.144,0.117,0.9769,0.0203,0.0,2,0,0,100
6.473,1,0,0.0,0.0,-0.147,0.165,0.9769,0.0174,0.0,2,0,0,100
6.49,1,0,0.0,0.01,0.16,-0.164,0.9769,0.0173,0.0,-2,0,0,100
6.521,1,0,0.0,0.01,0.13,-0.122,0.9769,0.017,0.0,-2,0,0,100
6.552,1,0,0.0,0.01,-0.041,0.144,0.9769,0.0179,0.0,2,0,0,100
6.582,1,0,0.0,0.0,-0.16,0.155,0.9769,0.0179,0.0,2,0,0,100
6.614,1,0,0.0,0.01,0.027,0.137,0.9769,0.0183,0.0,2,0,0,100
6.63,1,0,0.0,0.01,-0.053,0.159,0.9769,0.0189,0.0,2,0,0,100
6.661,1,0,0.0,0.01,-0.016,0.127,0.9769,0.0181,0.0,2,0,0,100
6.678,1,0,0.0,0.01,0.01,0.121,0.9769,0.0187,0.0,2,0,0,100
6.694,1,0,0.0,0.0,0.073,-0.155,0.9769,0.0192,0.0,-2,0,0,100
6.725,1,0,0.0,0.0,0.018,0.147,0.9769,0.0203,0.0,2,0,0,100
6.757,1,0,0.0,0.0,0.011,0.129,0.9769,0.0192,0.0,2,0,0,100
6.788,1,0,0.0,0.0,-0.024,-0.139,0.9769,0.0208,0.0,-2,0,0,100
6.82,1,0,0.0,0.0,0.063,-0.121,0.9769,0.0206,0.0,-2,0,0,100
6.837,1,0,0.0,0.0,-0.034,-0.151,0.9769,0.0207,0.0,-2,0,0,100
6.868,1,0,0.0,0.0,-0.001,-0.137,0.9769,0.0208,0.0,-2,0,0,100
6.899,1,0,0.0,0.0,0.049,-0.124,0.9769,0.0185,0.0,-2,0,0,100
6.93,1,0,0.0,0.0,0.005,0.134,0.9769,0.0194,0.0,2,0,0,100
6.961,1,0,0.0,0.0,-0.014,0.128,0.9769,0.0207,0.0,2,0,0,100
6.977,1,0,0.0,0.0,-0.017,-0.139,0.9769,0.0193,0.0,-2,0,0,100
7.008,1,0,0.0,0.0,-0.017,0.143,0.9769,0.0211,0.0,2,0,0,100
7.024,1,0,0.0,0.0,0.01,-0.127,0.9769,0.0204,0.0,-2,0,0,100
7.055,1,0,0.0,0.01,-0.067,0.161,0.9769,0.0205,0.0,2,0,0,100
7.087,1,0,0.0,0.0,0.123,0.144,0.9769,0.0209,0.0,2,0,0,100
7.117,1,0,0.0,0.0,0.031,0.108,0.9769,0.0206,0.0,2,0,0,100
7.134,1,0,0.0,0.0,0.018,0.148,0.9769,0.0209,0.0,2,0,0,100
7.164,1,0,0.0,0.0,0.003,0.128,0.9769,0.0202,0.0,2,0,0,100
7.195,1,0,0.0,0.0,0.047,0.138,0.9769,0.0205,0.0,2,0,0,100
7.211,1,0,0.0,0.01,0.006,0.171,0.9769,0.0206,0.0,2,0,0,100
7.242,1,0,0.0,0.0,-0.012,0.142,0.9769,0.0205,0.0,2,0,0,100
7.258,1,0,0.0,0.0,0.009,-0.158,0.9769,0.0205,0.0,-2,0,0,100
7.275,1,0,0.0,0.01,0.002,-0.15,0.9769,0.0203,0.0,-2,0,0,100
7.307,1,0,0.0,0.01,0.108,-0.131,0.9769,0.019,0.0,-2,0,0,100
7.339,1,0,0.0,0.01,-0.123,0.131,0.9769,0.0206,0.0,2,0,0,100
7.355,1,0,0.0,0.0,0.147,-0.135,0.9769,0.0204,0.0,-2,0,0,100
7.387,1,0,0.0,0.01,0.16,0.163,0.9769,0.0205,0.0,2,0,0,100
7.403,1,0,0.0,0.01,0.13,0.167,0.9769,0.021,0.0,2,0,0,100
7.42,1,0,0.0,0.0,-0.183,-0.117,0.9769,0.0206,0.0,-2,0,0,100
7.437,1,0,0.0,0.01,0.049,-0.111,0.9769,0.0206,0.0,-2,0,0,100
7.453,1,0,0.0,0.01,-0.019,0.159,0.9769,0.0211,0.0,2,0,0,100
7.485,1,0,0.0,0.0,0.073,-0.144,0.9769,0.0206,0.0,-2,0,0,100
7.516,1,0,0.0,0.0,0.048,-0.165,0.9769,0.021,0.0,-2,0,0,100
7.547,1,0,0.0,0.0,-0.044,-0.139,0.9769,0.0191,0.0,-2,0,0,100
7.578,1,0,0.0,0.01,0.005,0.166,0.9769,0.021,0.0,2,0,0,100
7.609,1,0,0.0,0.0,0.019,0.144,0.9769,0.0203,0.0,2,0,0,100
7.64,1,0,0.0,0.0,0.025,0.142,0.9769,0.0204,0.0,2,0,0,100
7.672,1,0,0.0,0.0,-0.024,-0.16,0.9769,0.0205,0.0,-2,0,0,100
7.702,1,0,0.0,0.0,-0.005,-0.151,0.9769,0.0191,0.0,-2,0,0,100
7.734,1,0,0.0,0.0,-0.034,0.133,0.9769,0.0209,0.0,2,0,0,100
7.765,1,0,0.0,0.01,0.029,0.148,0.9769,0.0205,0.0,2,0,0,100
7.797,1,0,0.0,0.0,-0.07,-0.161,0.9769,0.019,0.0,-2,0,0,100
7.813,1,0,0.0,0.0,0.144,0.124,0.9769,0.0185,0.0,2,0,0,100
7.844,1,0,0.0,0.0,-0.032,0.129,0.9769,0.0195,0.0,2,0,0,100
7.875,1,0,0.0,0.0,-0.024,-0.144,0.9769,0.021,0.0,-2,0,0,100
7.906,1,0,0.0,0.0,-0.026,-0.124,0.9769,0.0202,0.0,-2,0,0,100
7.936,1,0,0.0,0.0,0.017,-0.155,0.9769,0.0204,0.0,-2,0,0,100
7.967,1,0,0.0,0.0,-0.039,-0.131,0.9769,0.0212,0.0,-2,0,0,100
7.983,1,0,0.0,0.0,0.1,-0.141,0.9769,0.0205,0.0,-2,0,0,100
7.999,1,0,0.0,0.0,-0.137,0.133,0.9769,0.0192,0.0,2,0,0,100
8.03,1,0,0.0,0.0,0.055,0.133,0.9769,0.0206,0.0,2,0,0,100
8.061,1,0,0.0,0.0,-0.023,-0.138,0.9769,0.0207,0.0,-2,0,0,100
8.092,1,0,0.0,0.0,-0.034,-0.142,0.9769,0.021,0.0,-2,0,0,100
8.122,1,0,0.0,0.01,0.203,-0.117,0.9769,0.0193,0.0,-2,0,0,100
8.139,1,0,0.0,0.01,-0.072,-0.172,0.9769,0.0211,0.0,-2,0,0,100
8.169,1,0,0.0,0.0,0.16,-0.122,0.9769,0.0215,0.0,-2,0,0,100
8.199,1,0,0.0,0.0,0.193,-0.155,0.9769,0.0212,0.0,-2,0,0,100
8.23,1,0,0.0,0.01,0.124,-0.138,0.9769,0.0209,0.0,-2,0,0,100
8.246,1,0,0.0,0.01,0.045,-0.113,0.9769,0.0203,0.0,-2,0,0,100
8.278,1,0,0.0,0.0,0.032,-0.137,0.9769,0.0209,0.0,-2,0,0,100
8.308,1,0,0.0,0.01,-0.004,-0.142,0.9769,0.0201,0.0,-2,0,0,100
8.325,1,0,0.0,0.0,-0.172,-0.152,0.9769,0.0194,0.0,-2,0,0,100
8.356,1,0,0.0,0.0,-0.186,-0.159,0.9769,0.0206,0.0,-2,0,0,100
8.388,1,0,0.0,0.01,0.049,0.135,0.9769,0.0208,0.0,2,0,0,100
8.404,1,0,0.0,0.0,-0.143,-0.158,0.9769,0.0208,0.0,-2,0,0,100
8.435,1,0,0.0,0.01,-0.221,0.117,0.9769,0.0205,0.0,2,0,0,100
8.452,1,0,0.0,0.01,0.17,-0.132,0.9769,0.0205,0.0,-2,0,0,100
8.482,1,0,0.0,0.01,-0.072,-0.141,0.9769,0.0208,0.0,-2,0,0,100
8.513,1,0,0.0,0.01,-0.107,-0.175,0.9769,0.0205,0.0,-2,0,0,100
8.545,1,0,0.0,0.0,0.061,0.164,0.9769,0.021,0.0,2,0,0,100
8.577,1,0,0.0,0.01,-0.003,-0.148,0.9769,0.0206,0.0,-2,0,0,100
8.608,1,0,0.0,0.0,-0.114,-0.127,0.9769,0.0201,0.0,-2,0,0,100
8.64,1,0,0.0,0.0,-0.021,0.141,0.9769,0.0194,0.0,2,0,0,100
8.671,1,0,0.0,0.0,0.1,0.13,0.9769,0.0204,0.0,2,0,0,100
8.703,1,0,0.0,0.01,0.056,-0.151,0.9769,0.0206,0.0,-2,0,0,100
8.72,1,0,0.0,0.0,0.012,0.153,0.9769,0.021,0.0,2,0,0,100
8.752,1,0,0.0,0.0,0.025,-0.148,0.9769,0.0203,0.0,-2,0,0,100
8.784,1,0,0.0,0.01,-0.04,0.135,0.9769,0.0193,0.0,2,0,0,100
8.814,1,0,0.0,0.0,0.027,0.148,0.9769,0.0185,0.0,2,0,0,100
8.845,1,0,0.0,0.0,-0.067,0.16,0.9769,0.0195,0.0,2,0,0,100
8.877,1,0,0.0,0.0,-0.029,-0.134,0.9769,0.0206,0.0,-2,0,0,100
8.908,1,0,0.0,0.0,0.043,-0.163,0.9769,0.0202,0.0,-2,0,0,100
8.939,1,0,0.0,0.0,-0.013,-0.149,0.9769,0.0211,0.0,-2,0,0,100
8.971,1,0,0.0,0.0,0.006,0.132,0.9769,0.0204,0.0,2,0,0,100
8.987,1,0,0.0,0.0,-0.11,-0.157,0.9769,0.0208,0.0,-2,0,0,100
9.003,1,0,0.0,0.0,-0.056,-0.144,0.9769,0.0206,0.0,-2,0,0,100
9.02,1,0,0.0,0.0,0.058,0.155,0.9769,0.0206,0.0,2,0,0,100
9.051,1,0,0.0,0.0,0.045,-0.147,0.9769,0.0192,0.0,-2,0,0,100
9.081,1,0,0.0,0.0,0.057,-0.15,0.9769,0.0201,0.0,-2,0,0,100
9.098,1,0,0.0,0.0,0.013,0.138,0.9769,0.0213,0.0,2,0,0,100
9.129,1,0,0.0,0.0,0.021,-0.133,0.9769,0.0206,0.0,-2,0,0,100
9.158,1,0,0.0,0.0,-0.009,0.15,0.9769,0.0212,0.0,2,0,0,100
9.189,1,0,0.0,0.0,0.024,-0.144,0.9769,0.0204,0.0,-2,0,0,100
9.22,1,0,0.0,0.0,-0.059,-0.155,0.9769,0.0204,0.0,-2,0,0,100
9.237,1,0,0.0,0.0,0.011,-0.122,0.9769,0.0201,0.0,-2,0,0,100
9.254,1,0,0.0,0.0,0.03,0.135,0.9769,0.0185,0.0,2,0,0,100
9.27,1,0,0.0,0.0,0.024,0.157,0.9769,0.0181,0.0,2,0,0,100
9.301,1,0,0.0,0.0,-0.019,0.155,0.9769,0.018,0.0,2,0,0,100
9.317,1,0,0.0,0.0,0.042,-0.131,0.9769,0.0177,0.0,-2,0,0,100
9.333,1,0,0.0,0.0,0.027,-0.118,0.9769,0.0175,0.0,-2,0,0,100
9.364,1,0,0.0,0.0,-0.03,-0.132,0.9769,0.0187,0.0,-2,0,0,100
9.395,1,0,0.0,0.0,0.036,-0.142,0.9769,0.0159,0.0,-2,0,0,100
9.411,1,0,0.0,0.0,-0.005,-0.143,0.9769,0.0172,0.0,-2,0,0,100
9.427,1,0,0.0,0.0,-0.054,0.155,0.9769,0.0181,0.0,2,0,0,100
9.458,1,0,0.0,0.0,0.004,0.14,0.9769,0.018,0.0,2,0,0,100
9.474,1,0,0.0,0.0,0.034,0.146,0.9769,0.0187,0.0,2,0,0,100
9.505,1,0,0.0,0.0,0.062,0.13,0.9769,0.0187,0.0,2,0,0,100
9.521,1,0,0.0,0.0,-0.04,0.145,0.9769,0.0193,0.0,2,0,0,100
9.552,1,0,0.0,0.0,-0.057,0.159,0.9769,0.0186,0.0,2,0,0,100
9.582,1,0,0.0,0.0,0.01,0.129,0.9769,0.0174,0.0,2,0,0,100
9.598,1,0,0.0,0.0,0.01,-0.145,0.9769,0.0182,0.0,-2,0,0,100
9.628,1,0,0.0,0.0,-0.02,-0.149,0.9769,0.0192,0.0,-2,0,0,100
9.659,1,0,0.0,0.01,-0.016,-0.138,0.9769,0.02,0.0,-2,0,0,100
9.69,1,0,0.0,0.0,-0.184,0.14,0.9769,0.0208,0.0,2,0,0,100
9.72,1,0,0.0,0.01,-0.263,0.146,0.9769,0.0208,0.0,2,0,0,100
9.737,1,0,0.0,0.01,0.104,-0.138,0.9769,0.0208,0.0,-2,0,0,100
9.753,1,0,0.0,0.01,0.024,-0.131,0.9769,0.0205,0.0,-2,0,0,100
9.769,1,0,0.0,0.01,-0.058,0.123,0.9769,0.0208,0.0,2,0,0,100
9.785,1,0,0.0,0.0,0.214,0.157,0.9769,0.0203,0.0,2,0,0,100
9.817,1,0,0.0,0.0,0.188,0.119,0.9769,0.0188,0.0,2,0,0,100
9.848,1,0,0.0,0.0,-0.029,-0.166,0.9769,0.0205,0.0,-2,0,0,100
9.879,1,0,0.0,0.0,-0.038,-0.119,0.9769,0.0207,0.0,-2,0,0,100
9.895,1,0,0.0,0.0,-0.008,0.128,0.9769,0.0203,0.0,2,0,0,100
9.927,1,0,0.0,0.0,-0.092,-0.152,0.9769,0.0204,0.0,-2,0,0,100
9.957,1,0,0.0,0.0,-0.004,-0.121,0.9769,0.0204,0.0,-2,0,0,100
9.973,1,0,0.0,0.01,-0.013,0.144,0.9769,0.0201,0.0,2,0,0,100
9.99,1,0,0.0,0.01,0.016,0.148,0.9769,0.0208,0.0,2,0,0,100
10.021,1,0,0.0,0.01,-0.131,0.131,0.9769,0.0204,0.0,2,0,0,100
10.053,1,0,0.0,0.0,0.014,-0.15,0.9769,0.0203,0.0,-2,0,0,100
10.069,1,0,0.0,0.01,0.001,0.142,0.9769,0.0206,0.0,2,0,0,100
10.1,1,0,0.0,0.0,0.042,0.133,0.9769,0.0205,0.0,2,0,0,100
10.117,1,0,0.0,0.0,0.073,0.181,0.9769,0.0192,0.0,2,0,0,100
10.133,1,0,0.0,0.0,-0.083,-0.182,0.9769,0.0201,0.0,-2,0,0,100
10.15,1,0,0.0,0.0,0.016,-0.147,0.9769,0.0193,0.0,-2,0,0,100
10.182,1,0,0.0,0.0,0.018,0.135,0.9769,0.0175,0.0,2,0,0,100
10.212,1,0,0.0,0.0,0.019,0.154,0.9769,0.0187,0.0,2,0,0,100
10.228,1,0,0.0,0.0,0.015,-0.145,0.9769,0.0181,0.0,-2,0,0,100
10.245,1,0,0.0,0.0,0.008,-0.15,0.9769,0.0188,0.0,-2,0,0,100
10.275,1,0,0.0,0.0,0.012,-0.127,0.9769,0.0204,0.0,-2,0,0,100
10.305,1,0,0.0,0.01,-0.009,-0.167,0.9769,0.0197,0.0,-2,0,0,100
10.337,1,0,0.0,0.0,-0.068,-0.136,0.9769,0.0204,0.0,-2,0,0,100
10.368,1,0,0.0,0.0,0.016,0.166,0.9769,0.0203,0.0,2,0,0,100
10.384,1,0,0.0,0.0,-0.024,-0.138,0.9769,0.0205,0.0,-2,0,0,100
10.415,1,0,0.0,0.0,-0.018,-0.158,0.9769,0.0207,0.0,-2,0,0,100
10.445,1,0,0.0,0.01,0.001,-0.13,0.9769,0.0178,0.0,-2,0,0,100
10.461,1,0,0.0,0.0,0.016,-0.096,0.9769,0.0165,0.0,-2,0,0,100
10.478,1,0,0.0,0.0,0.008,0.144,0.9769,0.0165,0.0,2,0,0,100
10.508,1,0,0.0,0.01,-0.002,0.138,0.9769,0.0174,0.0,2,0,0,100
10.539,1,0,0.0,0.0,-0.007,-0.157,0.9769,0.0159,0.0,-2,0,0,100
10.57,1,0,0.0,0.0,0.006,-0.155,0.9769,0.0161,0.0,-2,0,0,100
10.587,1,0,0.0,0.0,-0.028,-0.157,0.9769,0.0173,0.0,-2,0,0,100
10.603,1,0,0.0,0.01,0.0,0.159,0.9769,0.0181,0.0,2,0,0,100
10.62,1,0,0.0,0.01,0.104,0.157,0.9769,0.017,0.0,2,0,0,100
10.651,1,0,0.0,0.01,0.015,0.157,0.9769,0.0185,0.0,2,0,0,100
10.667,1,0,0.0,0.01,-0.107,-0.155,0.9769,0.019,0.0,-2,0,0,100
10.683,1,0,0.0,0.01,-0.063,-0.15,0.9769,0.0208,0.0,-2,0,0,100
10.715,1,0,0.0,0.01,0.061,-0.121,0.9769,0.0189,0.0,-2,0,0,100
10.745,1,0,0.0,0.0,-0.085,-0.121,0.9769,0.0189,0.0,-2,0,0,100
10.761,1,0,0.0,0.0,-0.03,-0.139,0.9769,0.0184,0.0,-2,0,0,100
10.792,1,0,0.0,0.0,-0.027,-0.137,0.9769,0.0187,0.0,-2,0,0,100
10.824,1,0,0.0,0.0,-0.059,0.142,0.9769,0.0186,0.0,2,0,0,100
10.84,1,0,0.0,0.0,0.029,-0.14,0.9769,0.0159,0.0,-2,0,0,100
10.871,1,0,0.0,0.0,0.059,-0.143,0.9769,0.0179,0.0,-2,0,0,100
10.902,1,0,0.0,0.0,-0.014,0.131,0.9769,0.0191,0.0,2,0,0,100
10.933,1,0,0.0,0.01,0.024,0.155,0.9769,0.0203,0.0,2,0,0,100
10.95,1,0,0.0,0.0,0.028,0.142,0.9769,0.0203,0.0,2,0,0,100
10.981,1,0,0.0,0.0,-0.028,0.163,0.9769,0.0204,0.0,2,0,0,100
11.011,1,0,0.0,0.0,-0.018,0.172,0.9769,0.0205,0.0,2,0,0,100
11.042,1,0,0.0,0.01,0.04,0.138,0.9769,0.0207,0.0,2,0,0,100
11.072,1,0,0.0,0.0,-0.07,0.15,0.9769,0.0202,0.0,2,0,0,100
11.088,1,0,0.0,0.0,0.006,0.13,0.9769,0.0205,0.0,2,0,0,100
11.105,1,0,0.0,0.0,0.014,-0.133,0.9769,0.0215,0.0,-2,0,0,100
11.135,1,0,0.0,0.0,0.032,0.147,0.9769,0.0202,0.0,2,0,0,100
11.167,1,0,0.0,0.0,-0.007,0.14,0.9769,0.0207,0.0,2,0,0,100
11.198,1,0,0.0,0.0,0.036,-0.148,0.9769,0.0206,0.0,-2,0,0,100
11.215,1,0,0.0,0.0,-0.024,0.135,0.9769,0.0206,0.0,2,0,0,100
11.247,1,0,0.0,0.0,-0.003,-0.147,0.9769,0.0195,0.0,-2,0,0,100
11.278,1,0,0.0,0.0,-0.041,-0.152,0.9769,0.0206,0.0,-2,0,0,100
11.309,1,0,0.0,0.0,0.055,-0.157,0.9769,0.0205,0.0,-2,0,0,100
11.325,1,0,0.0,0.0,0.021,-0.148,0.9769,0.0209,0.0,-2,0,0,100
11.356,1,0,0.0,0.0,0.025,-0.138,0.9769,0.0204,0.0,-2,0,0,100
11.387,1,0,0.0,0.0,0.065,-0.143,0.9769,0.0203,0.0,-2,0,0,100
11.417,1,0,0.0,0.0,0.151,-0.157,0.9769,0.0201,0.0,-2,0,0,100
11.449,1,0,0.0,0.01,-0.014,0.127,0.9769,0.0186,0.0,2,0,0,100
11.481,1,0,0.0,0.0,-0.151,-0.136,0.9769,0.0195,0.0,-2,0,0,100
11.512,1,0,0.0,0.0,0.013,-0.143,0.9769,0.0201,0.0,-2,0,0,100
11.544,1,0,0.0,0.01,-0.132,0.138,0.9769,0.0203,0.0,2,0,0,100
11.575,1,0,0.0,0.01,0.021,0.141,0.9769,0.0204,0.0,2,0,0,100
11.605,1,0,0.0,0.0,0.085,0.143,0.9769,0.0203,0.0,2,0,0,100
11.636,1,0,0.0,0.0,-0.016,0.141,0.9769,0.0201,0.0,2,0,0,100
11.667,1,0,0.0,0.0,-0.025,-0.14,0.9769,0.0206,0.0,-2,0,0,100
11.684,1,0,0.0,0.01,0.083,0.137,0.9769,0.0209,0.0,2,0,0,100
11.7,1,0,0.0,0.01,-0.04,0.127,0.9769,0.0204,0.0,2,0,0,100
11.731,1,0,0.0,0.01,-0.064,0.133,0.9769,0.0203,0.0,2,0,0,100
11.747,1,0,0.0,0.01,0.009,0.14,0.9769,0.0206,0.0,2,0,0,100
11.779,1,0,0.0,0.0,0.021,0.157,0.9769,0.0186,0.0,2,0,0,100
11.795,1,0,0.0,0.01,0.055,0.147,0.9769,0.0191,0.0,2,0,0,100
11.826,1,0,0.0,0.01,0.054,0.144,0.9769,0.0201,0.0,2,0,0,100
11.857,1,0,0.0,0.0,0.034,0.134,0.9769,0.0203,0.0,2,0,0,100
11.887,1,0,0.0,0.0,0.038,0.141,0.9769,0.0205,0.0,2,0,0,100
11.92,1,0,0.0,0.0,-0.021,-0.164,0.9769,0.0201,0.0,-2,0,0,100
11.95,1,0,0.0,0.0,0.021,-0.12,0.9769,0.0204,0.0,-2,0,0,100
11.981,1,0,0.0,0.0,0.055,-0.143,0.9769,0.0213,0.0,-2,0,0,100
12.011,1,0,0.0,0.0,-0.15,0.15,0.9769,0.0202,0.0,2,0,0,100
12.042,1,0,0.0,0.0,-0.139,0.148,0.9769,0.0202,0.0,2,0,0,100
12.072,1,0,0.0,0.01,-0.098,0.164,0.9769,0.0203,0.0,2,0,0,100
12.103,1,0,0.0,0.01,-0.021,0.138,0.9769,0.0206,0.0,2,0,0,100
12.134,1,0,0.0,0.0,0.249,-0.145,0.9769,0.0205,0.0,-2,0,0,100
12.164,1,0,0.0,0.0,0.184,-0.152,0.9769,0.0187,0.0,-2,0,0,100
12.197,1,0,0.0,0.0,0.13,-0.114,0.9769,0.0187,0.0,-2,0,0,100
12.227,1,0,0.0,0.0,0.009,-0.151,0.9769,0.017,0.0,-2,0,0,100
12.258,1,0,0.0,0.0,-0.038,0.146,0.9769,0.018,0.0,2,0,0,100
12.29,1,0,0.0,0.0,0.01,0.157,0.9769,0.018,0.0,2,0,0,100
12.321,1,0,0.0,0.0,-0.007,-0.127,0.9769,0.0164,0.0,-2,0,0,100
12.352,1,0,0.0,0.0,-0.039,-0.126,0.9769,0.0182,0.0,-2,0,0,100
12.383,1,0,0.0,0.01,0.011,-0.141,0.9769,0.0185,0.0,-2,0,0,100
12.415,1,0,0.0,0.0,0.017,0.114,0.9769,0.0196,0.0,2,0,0,100
12.431,1,0,0.0,0.01,-0.062,0.144,0.9769,0.0208,0.0,2,0,0,100
12.448,1,0,0.0,0.01,-0.028,-0.137,0.9769,0.0208,0.0,-2,0,0,100
12.478,1,0,0.0,0.0,-0.131,-0.108,0.9769,0.0208,0.0,-2,0,0,100
12.495,1,0,0.0,0.0,0.001,-0.161,0.9769,0.0191,0.0,-2,0,0,100
12.525,1,0,0.0,0.0,0.041,-0.159,0.9769,0.0206,0.0,-2,0,0,100
12.556,1,0,0.0,0.0,0.05,-0.146,0.9769,0.0194,0.0,-2,0,0,100
12.587,1,0,0.0,0.0,0.017,-0.151,0.9769,0.0184,0.0,-2,0,0,100
12.603,1,0,0.0,0.0,-0.073,-0.154,0.9769,0.019,0.0,-2,0,0,100
12.634,1,0,0.0,0.0,-0.006,-0.134,0.9769,0.0197,0.0,-2,0,0,100
12.665,1,0,0.0,0.0,0.029,-0.128,0.9769,0.0205,0.0,-2,0,0,100
12.696,1,0,0.0,0.0,0.048,0.142,0.9769,0.0207,0.0,2,0,0,100
12.728,1,0,0.0,0.01,-0.166,0.134,0.9769,0.0211,0.0,2,0,0,100
12.758,1,0,0.0,0.0,-0.2,0.141,0.9769,0.0208,0.0,2,0,0,100
12.789,1,0,0.0,0.01,-0.026,-0.141,0.9769,0.0206,0.0,-2,0,0,100
12.821,1,0,0.0,0.0,0.189,0.15,0.9769,0.0206,0.0,2,0,0,100
12.853,1,0,0.0,0.01,0.017,0.138,0.9769,0.021,0.0,2,0,0,100
12.884,1,0,0.0,0.01,0.095,0.123,0.9769,0.0211,0.0,2,0,0,100
12.915,1,0,0.0,0.0,0.019,-0.145,0.9769,0.021,0.0,-2,0,0,100
12.945,1,0,0.0,0.0,-0.133,-0.126,0.9769,0.0206,0.0,-2,0,0,100
12.961,1,0,0.0,0.0,0.213,0.154,0.9769,0.0208,0.0,2,0,0,100
12.978,1,0,0.0,0.01,-0.195,0.172,0.9769,0.0208,0.0,2,0,0,100
13.008,1,0,0.0,0.01,-0.011,0.147,0.9769,0.0209,0.0,2,0,0,100
13.04,1,0,0.0,0.0,-0.114,0.124,0.9769,0.0211,0.0,2,0,0,100
13.071,1,0,0.0,0.0,-0.084,-0.138,0.9769,0.0206,0.0,-2,0,0,100
13.102,1,0,0.0,0.0,0.009,-0.142,0.9769,0.0195,0.0,-2,0,0,100
13.132,1,0,0.0,0.0,0.027,-0.154,0.9769,0.0207,0.0,-2,0,0,100
13.148,1,0,0.0,0.0,0.028,-0.15,0.9769,0.0201,0.0,-2,0,0,100
13.18,1,0,0.0,0.0,-0.013,-0.14,0.9769,0.0207,0.0,-2,0,0,100
13.21,1,0,0.0,0.0,-0.034,-0.137,0.9769,0.0205,0.0,-2,0,0,100
13.241,1,0,0.0,0.0,0.013,-0.147,0.9769,0.0213,0.0,-2,0,0,100
13.272,1,0,0.0,0.01,0.007,0.151,0.9769,0.0202,0.0,2,0,0,100
13.288,1,0,0.0,0.01,-0.067,-0.146,0.9769,0.0209,0.0,-2,0,0,100
13.32,1,0,0.0,0.0,-0.034,0.139,0.9769,0.0197,0.0,2,0,0,100
13.351,1,0,0.0,0.0,-0.034,0.132,0.9769,0.0205,0.0,2,0,0,100
13.367,1,0,0.0,0.01,0.012,-0.155,0.9769,0.0203,0.0,-2,0,0,100
13.398,1,0,0.0,0.0,-0.034,0.145,0.9769,0.0202,0.0,2,0,0,100
13.428,1,0,0.0,0.0,0.025,0.146,0.9769,0.0185,0.0,2,0,0,100
13.46,1,0,0.0,0.01,0.031,0.167,0.9769,0.021,0.0,2,0,0,100
13.476,1,0,0.0,0.0,-0.008,0.14,0.9769,0.0204,0.0,2,0,0,100
13.507,1,0,0.0,0.0,0.023,0.156,0.9769,0.0206,0.0,2,0,0,100
13.538,1,0,0.0,0.0,-0.028,0.155,0.9769,0.0205,0.0,2,0,0,100
13.569,1,0,0.0,0.0,-0.01,-0.161,0.9769,0.0202,0.0,-2,0,0,100
13.6,1,0,0.0,0.0,0.019,-0.139,0.9769,0.0206,0.0,-2,0,0,100
13.617,1,0,0.0,0.0,-0.023,-0.158,0.9769,0.0211,0.0,-2,0,0,100
13.633,1,0,0.0,0.0,0.091,0.159,0.9769,0.0203,0.0,2,0,0,100
13.663,1,0,0.0,0.0,0.071,0.144,0.9769,0.0212,0.0,2,0,0,100
13.68,1,0,0.0,0.0,0.0,0.143,0.9769,0.0208,0.0,2,0,0,100
13.711,1,0,0.0,0.0,0.04,0.138,0.9769,0.0205,0.0,2,0,0,100
13.727,1,0,0.0,0.0,-0.001,0.147,0.9769,0.0203,0.0,2,0,0,100
13.759,1,0,0.0,0.01,-0.002,0.152,0.9769,0.0203,0.0,2,0,0,100
13.79,1,0,0.0,0.01,-0.028,0.16,0.9769,0.0205,0.0,2,0,0,100
13.821,1,0,0.0,0.0,-0.025,-0.138,0.9769,0.0194,0.0,-2,0,0,100
13.852,1,0,0.0,0.01,-0.019,-0.138,0.9769,0.0213,0.0,-2,0,0,100
13.868,1,0,0.0,0.01,-0.045,0.135,0.9769,0.0206,0.0,2,0,0,100
13.884,1,0,0.0,0.01,-0.006,0.14,0.9769,0.0204,0.0,2,0,0,100
13.917,1,0,0.0,0.01,0.011,-0.148,0.9769,0.0204,0.0,-2,0,0,100
13.947,1,0,0.0,0.01,0.004,-0.126,0.9769,0.0189,0.0,-2,0,0,100
13.963,1,0,0.0,0.01,0.017,0.145,0.9769,0.0194,0.0,2,0,0,100
13.993,1,0,0.0,0.01,-0.024,0.155,0.9769,0.0202,0.0,2,0,0,100
14.024,1,0,0.0,0.01,-0.018,-0.144,0.9769,0.0211,0.0,-2,0,0,100
14.04,1,0,0.0,0.01,-0.002,0.142,0.9769,0.0201,0.0,2,0,0,100
14.057,1,0,0.0,0.01,-0.095,-0.143,0.9769,0.0194,0.0,-2,0,0,100
14.073,1,0,0.0,0.01,-0.051,-0.176,0.9769,0.0205,0.0,-2,0,0,100
14.103,1,0,0.0,0.01,-0.07,-0.141,0.9769,0.0204,0.0,-2,0,0,100
14.134,1,0,0.0,0.0,-0.038,-0.137,0.9769,0.0207,0.0,-2,0,0,100
14.15,1,0,0.0,0.01,0.048,0.149,0.9769,0.0212,0.0,2,0,0,100
14.181,1,0,0.0,0.0,-0.008,-0.182,0.9769,0.0207,0.0,-2,0,0,100
14.197,1,0,0.0,0.01,-0.017,0.133,0.9769,0.0205,0.0,2,0,0,100
14.227,1,0,0.0,0.0,-0.037,0.146,0.9769,0.0208,0.0,2,0,0,100
14.243,1,0,0.0,0.0,0.051,-0.119,0.9769,0.0207,0.0,-2,0,0,100
14.259,1,0,0.0,0.01,0.013,-0.132,0.9769,0.0209,0.0,-2,0,0,100
14.291,1,0,0.0,0.0,-0.112,-0.144,0.9769,0.0204,0.0,-2,0,0,100
14.323,1,0,0.0,0.0,0.086,0.143,0.9769,0.0206,0.0,2,0,0,100
14.354,1,0,0.0,0.0,0.005,0.135,0.9769,0.0208,0.0,2,0,0,100
14.385,1,0,0.0,0.01,-0.064,-0.128,0.9769,0.0202,0.0,-2,0,0,100
14.402,1,0,0.0,0.0,0.007,0.142,0.9769,0.0202,0.0,2,0,0,100
14.418,1,0,0.0,0.0,-0.018,0.163,0.9769,0.0207,0.0,2,0,0,100
14.448,1,0,0.0,0.0,0.029,0.138,0.9769,0.0215,0.0,2,0,0,100
14.48,1,0,0.0,0.0,0.017,0.131,0.9769,0.0207,0.0,2,0,0,100
14.511,1,0,0.0,0.0,-0.036,-0.147,0.9769,0.0204,0.0,-2,0,0,100
14.543,1,0,0.0,0.0,0.016,0.153,0.9769,0.0204,0.0,2,0,0,100
14.56,1,0,0.0,0.0,0.064,-0.163,0.9769,0.0208,0.0,-2,0,0,100
14.59,1,0,0.0,0.0,-0.054,-0.136,0.9769,0.0205,0.0,-2,0,0,100
14.607,1,0,0.0,0.0,0.013,-0.137,0.9769,0.0208,0.0,-2,0,0,100
14.637,1,0,0.0,0.0,-0.035,-0.13,0.9769,0.0206,0.0,-2,0,0,100
14.654,1,0,0.0,0.0,0.029,0.144,0.9769,0.0206,0.0,2,0,0,100
14.67,1,0,0.0,0.0,0.038,0.148,0.9769,0.0207,0.0,2,0,0,100
14.7,1,0,0.0,0.01,0.005,0.148,0.9769,0.0206,0.0,2,0,0,100
14.731,1,0,0.0,0.0,0.007,0.135,0.9769,0.0199,0.0,2,0,0,100
14.762,1,0,0.0,0.0,-0.045,0.14,0.9769,0.0205,0.0,2,0,0,100
14.778,1,0,0.0,0.0,-0.01,0.158,0.9769,0.0185,0.0,2,0,0,100
14.795,1,0,0.0,0.01,0.076,-0.142,0.9769,0.0191,0.0,-2,0,0,100
14.825,1,0,0.0,0.0,0.037,-0.152,0.9769,0.0205,0.0,-2,0,0,100
14.855,1,0,0.0,0.0,-0.002,0.153,0.9769,0.0203,0.0,2,0,0,100
14.872,1,0,0.0,0.01,-0.062,-0.158,0.9769,0.0207,0.0,-2,0,0,100
14.902,1,0,0.0,0.0,-0.035,-0.165,0.9769,0.0192,0.0,-2,0,0,100
14.934,1,0,0.0,0.0,0.096,0.135,0.9769,0.0204,0.0,2,0,0,100
14.965,1,0,0.0,0.01,0.133,0.133,0.9769,0.0203,0.0,2,0,0,100
14.997,1,0,0.0,0.0,-0.012,-0.155,0.9769,0.0208,0.0,-2,0,0,100
15.027,1,0,0.0,0.0,-0.023,-0.145,0.9769,0.0189,0.0,-2,0,0,100
15.059,1,0,0.0,0.0,-0.027,-0.153,0.9769,0.0202,0.0,-2,0,0,100
15.09,1,0,0.0,0.01,0.004,0.146,0.9769,0.0208,0.0,2,0,0,100
15.121,1,0,0.0,0.01,-0.07,0.128,0.9769,0.0212,0.0,2,0,0,100
15.152,1,0,0.0,0.01,0.055,0.149,0.9769,0.0209,0.0,2,0,0,100
15.183,1,0,0.0,0.0,0.045,-0.155,0.9769,0.021,0.0,-2,0,0,100
15.214,1,0,0.0,0.0,-0.079,-0.157,0.9769,0.0207,0.0,-2,0,0,100
15.245,1,0,0.0,0.0,-0.007,-0.128,0.9769,0.0208,0.0,-2,0,0,100
15.261,1,0,0.0,0.0,-0.036,-0.132,0.9769,0.0205,0.0,-2,0,0,100
15.292,1,0,0.0,0.0,0.046,-0.142,0.9769,0.0202,0.0,-2,0,0,100
15.308,1,0,0.0,0.0,0.002,-0.154,0.9769,0.0186,0.0,-2,0,0,100
15.325,1,0,0.0,0.01,0.108,0.142,0.9769,0.017,0.0,2,0,0,100
15.355,1,0,0.0,0.0,0.015,0.148,0.9769,0.0169,0.0,2,0,0,100
15.371,1,0,0.0,0.0,-0.0,0.138,0.9769,0.018,0.0,2,0,0,100
15.387,1,0,0.0,0.0,0.01,-0.14,0.9769,0.0165,0.0,-2,0,0,100
15.404,1,0,0.0,0.0,-0.044,0.153,0.9769,0.0165,0.0,2,0,0,100
15.434,1,0,0.0,0.0,0.0,-0.14,0.9769,0.0183,0.0,-2,0,0,100
15.451,1,0,0.0,0.0,0.01,0.133,0.9769,0.018,0.0,2,0,0,100
15.481,1,0,0.0,0.01,-0.014,0.13,0.9769,0.019,0.0,2,0,0,100
15.497,1,0,0.0,0.01,0.055,-0.141,0.9769,0.0195,0.0,-2,0,0,100
15.513,1,0,0.0,0.0,-0.099,-0.131,0.9769,0.0201,0.0,-2,0,0,100
15.544,1,0,0.0,0.0,-0.017,-0.133,0.9769,0.0205,0.0,-2,0,0,100
15.56,1,0,0.0,0.0,-0.026,0.148,0.9769,0.0185,0.0,2,0,0,100
15.591,1,0,0.0,0.0,0.032,-0.135,0.9769,0.0194,0.0,-2,0,0,100
15.622,1,0,0.0,0.0,0.029,-0.145,0.9769,0.0208,0.0,-2,0,0,100
15.652,1,0,0.0,0.0,-0.002,-0.153,0.9769,0.0205,0.0,-2,0,0,100
15.683,1,0,0.0,0.0,-0.029,-0.146,0.9769,0.0212,0.0,-2,0,0,100
15.699,1,0,0.0,0.0,-0.01,-0.132,0.9769,0.0205,0.0,-2,0,0,100
15.731,1,0,0.0,0.0,-0.03,0.142,0.9769,0.0206,0.0,2,0,0,100
15.748,1,0,0.0,0.0,-0.017,-0.15,0.9769,0.0207,0.0,-2,0,0,100
15.778,1,0,0.0,0.0,-0.04,-0.145,0.9769,0.0201,0.0,-2,0,0,100
15.794,1,0,0.0,0.01,-0.024,0.139,0.9769,0.0205,0.0,2,0,0,100
15.811,1,0,0.0,0.0,-0.04,0.129,0.9769,0.0203,0.0,2,0,0,100
15.827,1,0,0.0,0.0,0.077,-0.136,0.9769,0.0202,0.0,-2,0,0,100
15.843,1,0,0.0,0.0,-0.046,-0.149,0.9769,0.0205,0.0,-2,0,0,100
15.875,1,0,0.0,0.0,0.002,-0.162,0.9769,0.0204,0.0,-2,0,0,100
15.907,1,0,0.0,0.0,0.025,0.117,0.9769,0.0206,0.0,2,0,0,100
15.923,1,0,0.0,0.0,-0.066,-0.145,0.9769,0.0204,0.0,-2,0,0,100
15.953,1,0,0.0,0.0,0.025,0.159,0.9769,0.0206,0.0,2,0,0,100
15.97,1,0,0.0,0.0,-0.013,-0.146,0.9769,0.0194,0.0,-2,0,0,100
16.0,1,0,0.0,0.01,-0.044,-0.137,0.9769,0.0191,0.0,-2,0,0,100
16.031,1,0,0.0,0.0,0.006,-0.144,0.9769,0.019,0.0,-2,0,0,100
16.047,1,0,0.0,0.0,0.014,-0.143,0.9769,0.0195,0.0,-2,0,0,100
16.078,1,0,0.0,0.0,0.082,-0.152,0.9769,0.0209,0.0,-2,0,0,100
16.109,1,0,0.0,0.01,0.075,-0.134,0.9769,0.0208,0.0,-2,0,0,100
16.141,1,0,0.0,0.01,-0.009,0.142,0.9769,0.021,0.0,2,0,0,100
16.157,1,0,0.0,0.0,0.083,-0.153,0.9769,0.0201,0.0,-2,0,0,100
16.188,1,0,0.0,0.01,0.021,0.125,0.9769,0.0204,0.0,2,0,0,100
16.205,1,0,0.0,0.0,0.198,-0.174,0.9769,0.0209,0.0,-2,0,0,100
16.235,1,0,0.0,0.01,-0.002,0.14,0.9769,0.0204,0.0,2,0,0,100
16.267,1,0,0.0,0.01,-0.006,0.136,0.9769,0.0182,0.0,2,0,0,100
16.297,1,0,0.0,0.0,-0.017,0.144,0.9769,0.0168,0.0,2,0,0,100
16.314,1,0,0.0,0.0,0.095,0.14,0.9769,0.0159,0.0,2,0,0,100
16.345,1,0,0.0,0.0,-0.004,0.14,0.9769,0.018,0.0,2,0,0,100
16.376,1,0,0.0,0.0,-0.005,0.135,0.9769,0.0191,0.0,2,0,0,100
16.406,1,0,0.0,0.0,-0.085,0.158,0.9769,0.0205,0.0,2,0,0,100
16.435,1,0,0.0,0.01,0.033,0.154,0.9769,0.0209,0.0,2,0,0,100
16.465,1,0,0.0,0.01,0.002,0.135,0.9769,0.021,0.0,2,0,0,100
16.481,1,0,0.0,0.0,-0.095,0.161,0.9769,0.0203,0.0,2,0,0,100
16.498,1,0,0.0,0.01,-0.035,-0.134,0.9769,0.0212,0.0,-2,0,0,100
16.529,1,0,0.0,0.0,-0.012,-0.171,0.9769,0.0188,0.0,-2,0,0,100
16.545,1,0,0.0,0.0,-0.012,-0.139,0.9769,0.0201,0.0,-2,0,0,100
16.562,1,0,0.0,0.0,0.044,0.154,0.9769,0.0206,0.0,2,0,0,100
16.592,1,0,0.0,0.01,0.121,0.14,0.9769,0.0208,0.0,2,0,0,100
16.623,1,0,0.0,0.01,-0.107,-0.145,0.9769,0.0211,0.0,-2,0,0,100
16.655,1,0,0.0,0.0,-0.214,-0.143,0.9769,0.0203,0.0,-2,0,0,100
16.685,1,0,0.0,0.01,-0.156,0.144,0.9769,0.0205,0.0,2,0,0,100
16.716,1,0,0.0,0.01,0.042,0.166,0.9769,0.0205,0.0,2,0,0,100
16.747,1,0,0.0,0.0,0.05,0.127,0.9769,0.021,0.0,2,0,0,100
16.778,1,0,0.0,0.0,0.011,0.146,0.9769,0.0206,0.0,2,0,0,100
16.81,1,0,0.0,0.0,0.041,-0.134,0.9769,0.0202,0.0,-2,0,0,100
16.841,1,0,0.0,0.0,0.002,-0.153,0.9769,0.0212,0.0,-2,0,0,100
16.872,1,0,0.0,0.01,0.06,0.15,0.9769,0.0209,0.0,2,0,0,100
16.903,1,0,0.0,0.0,-0.055,0.134,0.9769,0.0203,0.0,2,0,0,100
16.935,1,0,0.0,0.0,0.073,-0.117,0.9769,0.0195,0.0,-2,0,0,100
16.951,1,0,0.0,0.0,-0.037,0.135,0.9769,0.0188,0.0,2,0,0,100
16.982,1,0,0.0,0.0,-0.029,0.137,0.9769,0.018,0.0,2,0,0,100
16.998,1,0,0.0,0.0,0.014,0.15,0.9769,0.0188,0.0,2,0,0,100
17.029,1,0,0.0,0.0,-0.045,0.153,0.9769,0.021,0.0,2,0,0,100
17.06,1,0,0.0,0.0,-0.048,0.146,0.9769,0.0204,0.0,2,0,0,100
17.09,1,0,0.0,0.0,-0.02,0.138,0.9769,0.0204,0.0,2,0,0,100
17.121,1,0,0.0,0.0,-0.015,-0.152,0.9769,0.0209,0.0,-2,0,0,100
17.153,1,0,0.0,0.0,0.018,-0.13,0.9769,0.021,0.0,-2,0,0,100
17.185,1,0,0.0,0.0,0.006,0.132,0.9769,0.0207,0.0,2,0,0,100
17.215,1,0,0.0,0.01,0.062,0.157,0.9769,0.0205,0.0,2,0,0,100
17.246,1,0,0.0,0.01,-0.022,0.139,0.9769,0.0208,0.0,2,0,0,100
17.277,1,0,0.0,0.0,0.036,-0.15,0.9769,0.0203,0.0,-2,0,0,100
17.307,1,0,0.0,0.0,0.024,-0.148,0.9769,0.0213,0.0,-2,0,0,100
17.339,1,0,0.0,0.0,-0.016,0.168,0.9769,0.0207,0.0,2,0,0,100
17.371,1,0,0.0,0.0,-0.041,0.161,0.9769,0.0212,0.0,2,0,0,100
17.401,1,0,0.0,0.0,0.017,0.134,0.9769,0.0206,0.0,2,0,0,100
17.432,1,0,0.0,0.0,-0.033,0.127,0.9769,0.0207,0.0,2,0,0,100
17.463,1,0,0.0,0.0,0.004,-0.137,0.9769,0.0206,0.0,-2,0,0,100
17.479,1,0,0.0,0.0,0.125,0.125,0.9769,0.0207,0.0,2,0,0,100
17.511,1,0,0.0,0.0,-0.042,-0.139,0.9769,0.0203,0.0,-2,0,0,100
17.541,1,0,0.0,0.0,0.019,-0.171,0.9769,0.0205,0.0,-2,0,0,100
17.573,1,0,0.0,0.0,0.005,-0.15,0.9769,0.0202,0.0,-2,0,0,100
17.603,1,0,0.0,0.0,0.032,-0.147,0.9769,0.021,0.0,-2,0,0,100
17.634,1,0,0.0,0.0,-0.026,0.161,0.9769,0.021,0.0,2,0,0,100
17.665,1,0,0.0,0.01,-0.028,0.133,0.9769,0.0211,0.0,2,0,0,100
17.681,1,0,0.0,0.01,0.066,-0.181,0.9769,0.0175,0.0,-2,0,0,100
17.713,1,0,0.0,0.0,0.051,0.161,0.9769,0.019,0.0,2,0,0,100
17.73,1,0,0.0,0.0,-0.031,0.177,0.9769,0.0195,0.0,2,0,0,100
17.761,1,0,0.0,0.01,-0.039,0.162,0.9769,0.0209,0.0,2,0,0,100
17.778,1,0,0.0,0.01,-0.035,0.126,0.9769,0.0206,0.0,2,0,0,100
17.809,1,0,0.0,0.0,-0.015,0.139,0.9769,0.0209,0.0,2,0,0,100
17.84,1,0,0.0,0.0,0.035,0.121,0.9769,0.0211,0.0,2,0,0,100
17.871,1,0,0.0,0.0,-0.026,-0.145,0.9769,0.0202,0.0,-2,0,0,100
17.903,1,0,0.0,0.0,-0.032,-0.141,0.9769,0.0198,0.0,-2,0,0,100
17.934,1,0,0.0,0.01,0.054,0.143,0.9769,0.0214,0.0,2,0,0,100
17.965,1,0,0.0,0.0,0.023,0.152,0.9769,0.021,0.0,2,0,0,100
17.997,1,0,0.0,0.0,0.037,-0.135,0.9769,0.0212,0.0,-2,0,0,100
18.027,1,0,0.0,0.01,-0.003,-0.138,0.9769,0.0212,0.0,-2,0,0,100
18.044,1,0,0.0,0.0,0.038,0.133,0.9769,0.0216,0.0,2,0,0,100
18.075,1,0,0.0,0.0,-0.026,-0.127,0.9769,0.0206,0.0,-2,0,0,100
18.105,1,0,0.0,0.0,-0.029,-0.143,0.9769,0.0202,0.0,-2,0,0,100
18.136,1,0,0.0,0.01,0.017,-0.127,0.9769,0.0209,0.0,-2,0,0,100
18.167,1,0,0.0,0.0,0.064,0.134,0.9769,0.0192,0.0,2,0,0,100
18.184,1,0,0.0,0.0,-0.001,-0.142,0.9769,0.0202,0.0,-2,0,0,100
18.2,1,0,0.0,0.0,-0.03,0.132,0.9769,0.0181,0.0,2,0,0,100
18.231,1,0,0.0,0.0,0.067,-0.15,0.9769,0.0193,0.0,-2,0,0,100
18.248,1,0,0.0,0.0,-0.081,0.163,0.9769,0.0209,0.0,2,0,0,100
18.279,1,0,0.0,0.0,0.012,-0.14,0.9769,0.0205,0.0,-2,0,0,100
18.31,1,0,0.0,0.0,0.02,-0.158,0.9769,0.0206,0.0,-2,0,0,100
18.341,1,0,0.0,0.01,-0.011,-0.152,0.9769,0.0193,0.0,-2,0,0,100
18.371,1,0,0.0,0.01,-0.001,0.151,0.9769,0.0209,0.0,2,0,0,100
18.388,1,0,0.0,0.0,0.045,-0.142,0.9769,0.0203,0.0,-2,0,0,100
18.419,1,0,0.0,0.0,-0.047,0.181,0.9769,0.0211,0.0,2,0,0,100
18.45,1,0,0.0,0.0,-0.047,0.145,0.9769,0.0203,0.0,2,0,0,100
18.481,1,0,0.0,0.0,-0.022,0.133,0.9769,0.0212,0.0,2,0,0,100
18.512,1,0,0.0,0.0,0.066,0.165,0.9769,0.0204,0.0,2,0,0,100
18.543,1,0,0.0,0.01,-0.054,-0.138,0.9769,0.0205,0.0,-2,0,0,100
18.56,1,0,0.0,0.01,-0.018,0.144,0.9769,0.0202,0.0,2,0,0,100
18.591,1,0,0.0,0.0,0.003,-0.137,0.9769,0.0208,0.0,-2,0,0,100
18.607,1,0,0.0,0.0,-0.008,0.155,0.9769,0.0211,0.0,2,0,0,100
18.624,1,0,0.0,0.0,0.03,0.138,0.9769,0.0205,0.0,2,0,0,100
18.654,1,0,0.0,0.0,0.035,0.17,0.9769,0.0206,0.0,2,0,0,100
18.685,1,0,0.0,0.0,0.099,0.154,0.9769,0.0202,0.0,2,0,0,100
18.717,1,0,0.0,0.0,-0.048,-0.147,0.9769,0.0175,0.0,-2,0,0,100
18.748,1,0,0.0,0.0,0.011,-0.169,0.9769,0.0164,0.0,-2,0,0,100
18.78,1,0,0.0,0.0,-0.028,0.145,0.9769,0.0182,0.0,2,0,0,100
18.811,1,0,0.0,0.0,0.003,0.148,0.9769,0.0202,0.0,2,0,0,100
18.842,1,0,0.0,0.0,-0.043,0.147,0.9769,0.021,0.0,2,0,0,100
18.873,1,0,0.0,0.0,0.014,-0.158,0.9769,0.0204,0.0,-2,0,0,100
18.905,1,0,0.0,0.0,0.012,-0.152,0.9769,0.0207,0.0,-2,0,0,100
18.937,1,0,0.0,0.0,-0.067,0.158,0.9769,0.0202,0.0,2,0,0,100
18.953,1,0,0.0,0.0,0.029,-0.139,0.9769,0.0208,0.0,-2,0,0,100
18.984,1,0,0.0,0.0,0.003,0.129,0.9769,0.0205,0.0,2,0,0,100
19.0,1,0,0.0,0.01,-0.052,-0.142,0.9769,0.0214,0.0,-2,0,0,100
19.031,1,0,0.0,0.0,0.017,0.149,0.9769,0.02,0.0,2,0,0,100
19.062,1,0,0.0,0.0,0.054,0.142,0.9769,0.0203,0.0,2,0,0,100
19.094,1,0,0.0,0.01,0.032,0.165,0.9769,0.0197,0.0,2,0,0,100
19.124,1,0,0.0,0.01,0.06,-0.158,0.9769,0.0203,0.0,-2,0,0,100
19.155,1,0,0.0,0.01,0.003,-0.132,0.9769,0.0215,0.0,-2,0,0,100
19.186,1,0,0.0,0.0,0.011,-0.123,0.9769,0.0208,0.0,-2,0,0,100
19.217,1,0,0.0,0.0,0.021,-0.099,0.9769,0.0186,0.0,-2,0,0,100
19.247,1,0,0.0,0.0,0.014,-0.142,0.9769,0.0204,0.0,-2,0,0,100
19.277,1,0,0.0,0.01,0.041,-0.141,0.9769,0.0204,0.0,-2,0,0,100
19.308,1,0,0.0,0.01,0.077,0.143,0.9769,0.0202,0.0,2,0,0,100
19.339,1,0,0.0,0.0,-0.123,0.168,0.9769,0.0206,0.0,2,0,0,100
19.37,1,0,0.0,0.0,-0.0,0.163,0.9769,0.0202,0.0,2,0,0,100
19.401,1,0,0.0,0.0,0.014,-0.13,0.9769,0.0205,0.0,-2,0,0,100
19.433,1,0,0.0,0.0,0.022,-0.153,0.9769,0.0212,0.0,-2,0,0,100
19.463,1,0,0.0,0.0,-0.025,0.119,0.9769,0.0204,0.0,2,0,0,100
19.495,1,0,0.0,0.0,0.003,0.143,0.9769,0.021,0.0,2,0,0,100
19.524,1,0,0.0,0.0,0.01,0.159,0.9769,0.0212,0.0,2,0,0,100
19.541,1,0,0.0,0.0,-0.01,-0.138,0.9769,0.0202,0.0,-2,0,0,100
19.557,1,0,0.0,0.0,0.03,-0.169,0.9769,0.0212,0.0,-2,0,0,100
19.573,1,0,0.0,0.0,0.007,0.128,0.9769,0.0214,0.0,2,0,0,100
19.605,1,0,0.0,0.0,-0.049,-0.135,0.9769,0.0208,0.0,-2,0,0,100
19.636,1,0,0.0,0.0,-0.003,-0.147,0.9769,0.021,0.0,-2,0,0,100
19.667,1,0,0.0,0.0,-0.013,-0.145,0.9769,0.0208,0.0,-2,0,0,100
19.683,1,0,0.0,0.0,0.067,-0.159,0.9769,0.0212,0.0,-2,0,0,100
19.715,1,0,0.0,0.0,-0.047,-0.157,0.9769,0.0209,0.0,-2,0,0,100
19.746,1,0,0.0,0.0,0.018,0.141,0.9769,0.0211,0.0,2,0,0,100
19.777,1,0,0.0,0.0,0.004,0.182,0.9769,0.0208,0.0,2,0,0,100
19.807,1,0,0.0,0.0,0.024,0.167,0.9769,0.0204,0.0,2,0,0,100
19.838,1,0,0.0,0.0,-0.036,-0.177,0.9769,0.0207,0.0,-2,0,0,100
19.869,1,0,0.0,0.01,-0.036,-0.154,0.9769,0.0185,0.0,-2,0,0,100
19.885,1,0,0.0,0.0,0.036,0.133,0.9769,0.0191,0.0,2,0,0,100
19.916,1,0,0.0,0.0,0.009,0.147,0.9769,0.019,0.0,2,0,0,100
19.947,1,0,0.0,0.0,-0.045,-0.129,0.9769,0.0201,0.0,-2,0,0,100
19.978,1,0,0.0,0.0,-0.034,-0.141,0.9769,0.0211,0.0,-2,0,0,100
19.995,1,0,0.0,0.0,-0.026,-0.159,0.9769,0.0206,0.0,-2,0,0,100
20.011,1,0,0.0,0.0,0.016,0.113,0.9769,0.0213,0.0,2,0,0,100
20.042,1,0,0.0,0.0,0.047,0.136,0.9769,0.0201,0.0,2,0,0,100
20.072,1,0,0.0,0.0,-0.044,0.124,0.9769,0.0209,0.0,2,0,0,100
20.103,1,0,0.0,0.0,0.018,-0.125,0.9769,0.0205,0.0,-2,0,0,100
20.133,1,0,0.0,0.01,-0.023,-0.127,0.9769,0.0211,0.0,-2,0,0,100
20.165,1,0,0.0,0.0,-0.011,-0.151,0.9769,0.0202,0.0,-2,0,0,100
20.196,1,0,0.0,0.0,-0.022,0.148,0.9769,0.0204,0.0,2,0,0,100
20.227,1,0,0.0,0.0,-0.033,0.139,0.9769,0.0206,0.0,2,0,0,100
20.243,1,0,0.0,0.0,0.014,0.15,0.9769,0.0207,0.0,2,0,0,100
20.26,1,0,0.0,0.0,0.026,-0.142,0.9769,0.02,0.0,-2,0,0,100
20.29,1,0,0.0,0.0,-0.023,-0.156,0.9769,0.0211,0.0,-2,0,0,100
20.321,1,0,0.0,0.0,0.012,-0.154,0.9769,0.0206,0.0,-2,0,0,100
20.351,1,0,0.0,0.0,0.015,0.162,0.9769,0.021,0.0,2,0,0,100
20.382,1,0,0.0,0.01,0.01,0.178,0.9769,0.0193,0.0,2,0,0,100
20.413,1,0,0.0,0.01,-0.042,0.117,0.9769,0.0202,0.0,2,0,0,100
20.445,1,0,0.0,0.0,0.001,-0.145,0.9769,0.0208,0.0,-2,0,0,100
20.475,1,0,0.0,0.01,0.051,-0.164,0.9769,0.0208,0.0,-2,0,0,100
20.506,1,0,0.0,0.01,0.006,-0.127,0.9769,0.02,0.0,-2,0,0,100
20.537,1,0,0.0,0.0,0.012,0.136,0.9769,0.0209,0.0,2,0,0,100
20.554,1,0,0.0,0.0,-0.043,-0.138,0.9769,0.0205,0.0,-2,0,0,100
20.57,1,0,0.0,0.0,0.042,0.148,0.9769,0.021,0.0,2,0,0,100
20.6,1,0,0.0,0.0,-0.014,0.152,0.9769,0.0206,0.0,2,0,0,100
20.617,1,0,0.0,0.0,-0.055,0.126,0.9769,0.0208,0.0,2,0,0,100
20.633,1,0,0.0,0.0,-0.011,-0.144,0.9769,0.0203,0.0,-2,0,0,100
20.664,1,0,0.0,0.0,-0.016,0.137,0.9769,0.0205,0.0,2,0,0,100
20.695,1,0,0.0,0.0,-0.049,0.142,0.9769,0.0208,0.0,2,0,0,100
20.726,1,0,0.0,0.0,-0.034,0.166,0.9769,0.0203,0.0,2,0,0,100
20.757,1,0,0.0,0.0,-0.005,-0.161,0.9769,0.0203,0.0,-2,0,0,100
20.788,1,0,0.0,0.0,-0.066,-0.138,0.9769,0.0203,0.0,-2,0,0,100
20.805,1,0,0.0,0.01,0.104,-0.156,0.9769,0.0201,0.0,-2,0,0,100
20.837,1,0,0.0,0.01,-0.003,-0.145,0.9769,0.0199,0.0,-2,0,0,100
20.853,1,0,0.0,0.01,-0.191,-0.125,0.9769,0.0205,0.0,-2,0,0,100
20.885,1,0,0.0,0.0,-0.039,-0.111,0.9769,0.0205,0.0,-2,0,0,100
20.901,1,0,0.0,0.0,-0.033,-0.159,0.9769,0.0201,0.0,-2,0,0,100
20.933,1,0,0.0,0.0,0.031,-0.137,0.9769,0.0204,0.0,-2,0,0,100
20.964,1,0,0.0,0.0,0.029,0.131,0.9769,0.0188,0.0,2,0,0,100
20.994,1,0,0.0,0.0,0.112,0.148,0.9769,0.0196,0.0,2,0,0,100
21.026,1,0,0.0,0.01,0.114,0.168,0.9769,0.0196,0.0,2,0,0,100
21.057,1,0,0.0,0.01,0.079,-0.163,0.9769,0.0204,0.0,-2,0,0,100
21.088,1,0,0.0,0.0,0.02,-0.143,0.9769,0.0185,0.0,-2,0,0,100
21.12,1,0,0.0,0.01,0.029,0.15,0.9769,0.0184,0.0,2,0,0,100
21.15,1,0,0.0,0.01,-0.038,0.13,0.9769,0.021,0.0,2,0,0,100
21.181,1,0,0.0,0.0,-0.004,0.146,0.9769,0.0204,0.0,2,0,0,100
21.197,1,0,0.0,0.0,0.051,0.106,0.9769,0.0204,0.0,2,0,0,100
21.228,1,0,0.0,0.0,-0.005,0.129,0.9769,0.0196,0.0,2,0,0,100
21.245,1,0,0.0,0.0,0.059,-0.144,0.9769,0.0204,0.0,-2,0,0,100
21.277,1,0,0.0,0.0,0.054,0.133,0.9769,0.0209,0.0,2,0,0,100
21.293,1,0,0.0,0.0,0.103,-0.17,0.9769,0.0208,0.0,-2,0,0,100
21.325,1,0,0.0,0.0,0.052,0.138,0.9769,0.0203,0.0,2,0,0,100
21.356,1,0,0.0,0.0,-0.019,-0.121,0.9769,0.0208,0.0,-2,0,0,100
21.387,1,0,0.0,0.0,-0.026,-0.163,0.9769,0.0205,0.0,-2,0,0,100
21.418,1,0,0.0,0.0,0.009,-0.145,0.9769,0.0184,0.0,-2,0,0,100
21.45,1,0,0.0,0.0,0.068,0.126,0.9769,0.0193,0.0,2,0,0,100
21.48,1,0,0.0,0.0,0.024,0.16,0.9769,0.0202,0.0,2,0,0,100
21.511,1,0,0.0,0.0,-0.105,0.146,0.9769,0.0203,0.0,2,0,0,100
21.542,1,0,0.0,0.0,-0.02,0.141,0.9769,0.0211,0.0,2,0,0,100
21.573,1,0,0.0,0.0,0.05,-0.139,0.9769,0.0192,0.0,-2,0,0,100
21.603,1,0,0.0,0.0,-0.087,-0.124,0.9769,0.0199,0.0,-2,0,0,100
21.634,1,0,0.0,0.0,-0.011,-0.139,0.9769,0.0212,0.0,-2,0,0,100
21.651,1,0,0.0,0.0,0.006,-0.139,0.9769,0.0213,0.0,-2,0,0,100
21.667,1,0,0.0,0.0,0.014,0.144,0.9769,0.021,0.0,2,0,0,100
21.697,1,0,0.0,0.0,0.028,0.15,0.9769,0.0201,0.0,2,0,0,100
21.713,1,0,0.0,0.0,0.053,-0.138,0.9769,0.0203,0.0,-2,0,0,100
21.745,1,0,0.0,0.0,0.006,0.147,0.9769,0.0185,0.0,2,0,0,100
21.761,1,0,0.0,0.0,0.009,-0.143,0.9769,0.019,0.0,-2,0,0,100
21.777,1,0,0.0,0.01,0.081,-0.148,0.9769,0.0195,0.0,-2,0,0,100
21.794,1,0,0.0,0.01,-0.014,0.134,0.9769,0.0202,0.0,2,0,0,100
21.81,1,0,0.0,0.01,0.08,0.176,0.9769,0.0212,0.0,2,0,0,100
21.827,1,0,0.0,0.0,0.003,-0.128,0.9769,0.0206,0.0,-2,0,0,100
21.857,1,0,0.0,0.0,0.014,0.15,0.9769,0.0208,0.0,2,0,0,100
21.888,1,0,0.0,0.0,0.025,0.142,0.9769,0.0212,0.0,2,0,0,100
21.919,1,0,0.0,0.0,0.022,0.144,0.9769,0.0206,0.0,2,0,0,100
21.95,1,0,0.0,0.0,-0.032,-0.152,0.9769,0.0209,0.0,-2,0,0,100
21.967,1,0,0.0,0.01,-0.035,0.132,0.9769,0.0206,0.0,2,0,0,100
21.983,1,0,0.0,0.0,-0.039,-0.134,0.9769,0.0201,0.0,-2,0,0,100
22.0,1,0,0.0,0.0,-0.029,-0.154,0.9769,0.0202,0.0,-2,0,0,100
22.03,1,0,0.0,0.0,0.041,-0.153,0.9769,0.0184,0.0,-2,0,0,100
22.046,1,0,0.0,0.0,0.022,0.156,0.9769,0.0189,0.0,2,0,0,100
22.077,1,0,0.0,0.0,-0.016,-0.126,0.9769,0.0207,0.0,-2,0,0,100
22.108,1,0,0.0,0.0,-0.036,-0.137,0.9769,0.0204,0.0,-2,0,0,100
22.139,1,0,0.0,0.0,-0.035,-0.132,0.9769,0.0202,0.0,-2,0,0,100
22.17,1,0,0.0,0.0,0.085,0.156,0.9769,0.0205,0.0,2,0,0,100
22.201,1,0,0.0,0.0,0.019,0.125,0.9769,0.0208,0.0,2,0,0,100
22.232,1,0,0.0,0.0,-0.019,0.109,0.9769,0.0209,0.0,2,0,0,100
22.263,1,0,0.0,0.0,0.067,-0.145,0.9769,0.0182,0.0,-2,0,0,100
22.293,1,0,0.0,0.0,-0.007,-0.138,0.9769,0.0164,0.0,-2,0,0,100
22.31,1,0,0.0,0.01,0.05,0.149,0.9769,0.0163,0.0,2,0,0,100
22.34,1,0,0.0,0.0,0.073,0.161,0.9769,0.0173,0.0,2,0,0,100
22.357,1,0,0.0,0.01,0.017,0.153,0.9769,0.0182,0.0,2,0,0,100
22.387,1,0,0.0,0.0,0.017,0.14,0.9769,0.0172,0.0,2,0,0,100
22.403,1,0,0.0,0.0,-0.008,0.15,0.9769,0.0182,0.0,2,0,0,100
22.42,1,0,0.0,0.0,0.0,-0.138,0.9769,0.0187,0.0,-2,0,0,100
22.451,1,0,0.0,0.0,0.088,-0.157,0.9769,0.0188,0.0,-2,0,0,100
22.467,1,0,0.0,0.0,-0.026,-0.151,0.9769,0.0202,0.0,-2,0,0,100
22.499,1,0,0.0,0.01,-0.035,-0.153,0.9769,0.0192,0.0,-2,0,0,100
22.515,1,0,0.0,0.0,0.023,-0.139,0.9769,0.0187,0.0,-2,0,0,100
22.532,1,0,0.0,0.01,-0.035,0.138,0.9769,0.0191,0.0,2,0,0,100
22.561,1,0,0.0,0.01,-0.018,0.138,0.9769,0.018,0.0,2,0,0,100
22.578,1,0,0.0,0.0,-0.026,0.141,0.9769,0.0187,0.0,2,0,0,100
22.609,1,0,0.0,0.0,-0.015,0.156,0.9769,0.0178,0.0,2,0,0,100
22.64,1,0,0.0,0.0,0.027,0.153,0.9769,0.0153,0.0,2,0,0,100
22.671,1,0,0.0,0.0,-0.034,-0.145,0.9769,0.0154,0.0,-2,0,0,100
22.688,1,0,0.0,0.01,-0.03,0.137,0.9769,0.0144,0.0,2,0,0,100
22.718,1,0,0.0,0.01,-0.042,-0.146,0.9769,0.0171,0.0,-2,0,0,100
22.75,1,0,0.0,0.0,-0.019,-0.142,0.9769,0.0169,0.0,-2,0,0,100
22.781,1,0,0.0,0.0,0.063,-0.146,0.9769,0.0185,0.0,-2,0,0,100
22.811,1,0,0.0,0.0,-0.031,-0.151,0.9769,0.0195,0.0,-2,0,0,100
22.842,1,0,0.0,0.0,0.019,0.146,0.9769,0.018,0.0,2,0,0,100
22.873,1,0,0.0,0.0,-0.069,0.134,0.9769,0.0191,0.0,2,0,0,100
22.905,1,0,0.0,0.0,-0.101,-0.16,0.9769,0.0164,0.0,-2,0,0,100
22.936,1,0,0.0,0.01,0.071,-0.14,0.9769,0.0182,0.0,-2,0,0,100
22.967,1,0,0.0,0.0,-0.152,0.152,0.9769,0.0181,0.0,2,0,0,100
22.998,1,0,0.0,0.0,-0.127,-0.15,0.9769,0.0191,0.0,-2,0,0,100
23.029,1,0,0.0,0.01,-0.039,0.129,0.9769,0.0208,0.0,2,0,0,100
23.045,1,0,0.0,0.0,-0.098,0.133,0.9769,0.0206,0.0,2,0,0,100
23.062,1,0,0.0,0.01,0.063,-0.14,0.9769,0.0204,0.0,-2,0,0,100
23.093,1,0,0.0,0.0,0.1,-0.132,0.9769,0.0202,0.0,-2,0,0,100
23.11,1,0,0.0,0.0,-0.084,-0.143,0.9769,0.0201,0.0,-2,0,0,100
23.14,1,0,0.0,0.0,-0.046,-0.143,0.9769,0.0181,0.0,-2,0,0,100
23.157,1,0,0.0,0.0,0.026,-0.148,0.9769,0.0178,0.0,-2,0,0,100
23.173,1,0,0.0,0.0,0.003,0.114,0.9769,0.0175,0.0,2,0,0,100
23.205,1,0,0.0,0.0,-0.058,-0.157,0.9769,0.0189,0.0,-2,0,0,100
23.221,1,0,0.0,0.0,0.006,0.141,0.9769,0.0206,0.0,2,0,0,100
23.237,1,0,0.0,0.0,-0.129,0.138,0.9769,0.0183,0.0,2,0,0,100
23.268,1,0,0.0,0.0,-0.032,0.159,0.9769,0.0177,0.0,2,0,0,100
23.298,1,0,0.0,0.01,-0.067,0.152,0.9769,0.0189,0.0,2,0,0,100
23.33,1,0,0.0,0.0,0.025,0.149,0.9769,0.0188,0.0,2,0,0,100
23.346,1,0,0.0,0.01,-0.026,0.17,0.9769,0.0185,0.0,2,0,0,100
23.378,1,0,0.0,0.01,0.018,0.15,0.9769,0.0186,0.0,2,0,0,100
23.408,1,0,0.0,0.0,0.012,-0.178,0.9769,0.0181,0.0,-2,0,0,100
23.44,1,0,0.0,0.01,0.085,-0.139,0.9769,0.0191,0.0,-2,0,0,100
23.457,1,0,0.0,0.01,-0.062,-0.15,0.9769,0.0206,0.0,-2,0,0,100
23.487,1,0,0.0,0.0,-0.037,-0.137,0.9769,0.0209,0.0,-2,0,0,100
23.503,1,0,0.0,0.0,-0.0,0.149,0.9769,0.0203,0.0,2,0,0,100
23.519,1,0,0.0,0.0,-0.014,-0.162,0.9769,0.0191,0.0,-2,0,0,100
23.551,1,0,0.0,0.0,-0.106,0.149,0.9769,0.0165,0.0,2,0,0,100
23.581,1,0,0.0,0.01,-0.069,0.139,0.9769,0.0173,0.0,2,0,0,100
23.613,1,0,0.0,0.01,0.008,-0.152,0.9769,0.0172,0.0,-2,0,0,100
23.644,1,0,0.0,0.0,-0.013,-0.125,0.9769,0.0187,0.0,-2,0,0,100
23.675,1,0,0.0,0.0,0.013,-0.146,0.9769,0.0195,0.0,-2,0,0,100
23.706,1,0,0.0,0.0,0.029,0.139,0.9769,0.0202,0.0,2,0,0,100
23.737,1,0,0.0,0.0,-0.045,0.145,0.9769,0.0208,0.0,2,0,0,100
23.769,1,0,0.0,0.0,0.107,-0.139,0.9769,0.0204,0.0,-2,0,0,100
23.8,1,0,0.0,0.01,-0.0,-0.135,0.9769,0.0207,0.0,-2,0,0,100
23.816,1,0,0.0,0.0,0.06,0.16,0.9769,0.0209,0.0,2,0,0,100
23.847,1,0,0.0,0.0,0.014,-0.15,0.9769,0.0208,0.0,-2,0,0,100
23.864,1,0,0.0,0.0,-0.002,0.162,0.9769,0.0203,0.0,2,0,0,100
23.894,1,0,0.0,0.0,0.044,0.149,0.9769,0.0191,0.0,2,0,0,100
23.911,1,0,0.0,0.0,-0.059,0.165,0.9769,0.0203,0.0,2,0,0,100
23.927,1,0,0.0,0.0,-0.069,0.13,0.9769,0.0204,0.0,2,0,0,100
23.944,1,0,0.0,0.0,0.046,-0.14,0.9769,0.0207,0.0,-2,0,0,100
23.973,1,0,0.0,0.0,0.001,-0.165,0.9769,0.0205,0.0,-2,0,0,100
24.005,1,0,0.0,0.0,-0.024,-0.158,0.9769,0.0207,0.0,-2,0,0,100
24.021,1,0,0.0,0.0,0.0,-0.14,0.9769,0.0207,0.0,-2,0,0,100
24.037,1,0,0.0,0.01,0.018,0.137,0.9769,0.0203,0.0,2,0,0,100
24.068,1,0,0.0,0.0,-0.02,0.149,0.9769,0.0208,0.0,2,0,0,100
24.099,1,0,0.0,0.0,-0.061,-0.136,0.9769,0.0204,0.0,-2,0,0,100
24.13,1,0,0.0,0.0,-0.025,-0.13,0.9769,0.0206,0.0,-2,0,0,100
24.161,1,0,0.0,0.01,-0.036,0.145,0.9769,0.0209,0.0,2,0,0,100
24.178,1,0,0.0,0.0,0.013,-0.153,0.9769,0.0191,0.0,-2,0,0,100
24.208,1,0,0.0,0.01,-0.003,-0.153,0.9769,0.0191,0.0,-2,0,0,100
24.225,1,0,0.0,0.0,0.04,-0.13,0.9769,0.0203,0.0,-2,0,0,100
24.257,1,0,0.0,0.0,0.018,-0.14,0.9769,0.0194,0.0,-2,0,0,100
24.273,1,0,0.0,0.0,0.018,-0.145,0.9769,0.0205,0.0,-2,0,0,100
24.305,1,0,0.0,0.0,0.089,-0.153,0.9769,0.0206,0.0,-2,0,0,100
24.321,1,0,0.0,0.0,-0.031,-0.156,0.9769,0.0206,0.0,-2,0,0,100
24.352,1,0,0.0,0.0,0.038,-0.151,0.9769,0.0185,0.0,-2,0,0,100
24.382,1,0,0.0,0.0,-0.024,-0.145,0.9769,0.0183,0.0,-2,0,0,100
24.413,1,0,0.0,0.01,-0.027,-0.156,0.9769,0.0185,0.0,-2,0,0,100
24.444,1,0,0.0,0.0,0.119,0.148,0.9769,0.0188,0.0,2,0,0,100
24.461,1,0,0.0,0.0,-0.187,-0.145,0.9769,0.0192,0.0,-2,0,0,100
24.491,1,0,0.0,0.0,-0.005,0.159,0.9769,0.0192,0.0,2,0,0,100
24.522,1,0,0.0,0.0,0.062,0.164,0.9769,0.021,0.0,2,0,0,100
24.552,1,0,0.0,0.0,0.041,0.14,0.9769,0.0203,0.0,2,0,0,100
24.584,1,0,0.0,0.0,0.034,0.128,0.9769,0.0194,0.0,2,0,0,100
24.614,1,0,0.0,0.0,-0.027,-0.157,0.9769,0.0203,0.0,-2,0,0,100
24.631,1,0,0.0,0.01,0.047,0.126,0.9769,0.0205,0.0,2,0,0,100
24.647,1,0,0.0,0.0,-0.052,-0.164,0.9769,0.0202,0.0,-2,0,0,100
24.663,1,0,0.0,0.0,0.148,-0.143,0.9769,0.0193,0.0,-2,0,0,100
24.694,1,0,0.0,0.01,0.027,-0.167,0.9769,0.019,0.0,-2,0,0,100
24.711,1,0,0.0,0.01,0.007,-0.134,0.9769,0.0192,0.0,-2,0,0,100
24.727,1,0,0.0,0.0,-0.009,0.145,0.9769,0.0195,0.0,2,0,0,100
24.758,1,0,0.0,0.0,0.019,0.146,0.9769,0.0209,0.0,2,0,0,100
24.774,1,0,0.0,0.0,-0.007,0.155,0.9769,0.0185,0.0,2,0,0,100
24.805,1,0,0.0,0.01,0.012,0.137,0.9769,0.0206,0.0,2,0,0,100
24.837,1,0,0.0,0.01,0.106,-0.134,0.9769,0.0196,0.0,-2,0,0,100
24.867,1,0,0.0,0.0,0.079,-0.153,0.9769,0.0185,0.0,-2,0,0,100
24.898,1,0,0.0,0.0,-0.007,-0.141,0.9769,0.0194,0.0,-2,0,0,100
24.929,1,0,0.0,0.0,-0.048,-0.137,0.9769,0.0192,0.0,-2,0,0,100
24.959,1,0,0.0,0.0,0.001,0.132,0.9769,0.0188,0.0,2,0,0,100
24.991,1,0,0.0,0.0,-0.006,0.143,0.9769,0.0191,0.0,2,0,0,100
25.022,1,0,0.0,0.0,-0.013,0.13,0.9769,0.0175,0.0,2,0,0,100
25.053,1,0,0.0,0.0,-0.001,-0.163,0.9769,0.0181,0.0,-2,0,0,100
25.085,1,0,0.0,0.0,0.024,-0.123,0.9769,0.0182,0.0,-2,0,0,100
25.102,1,0,0.0,0.0,0.099,-0.131,0.9769,0.0188,0.0,-2,0,0,100
25.118,1,0,0.0,0.0,-0.047,0.153,0.9769,0.0183,0.0,2,0,0,100
25.134,1,0,0.0,0.01,-0.035,0.141,0.9769,0.0189,0.0,2,0,0,100
25.165,1,0,0.0,0.0,-0.005,0.15,0.9769,0.018,0.0,2,0,0,100
25.197,1,0,0.0,0.0,-0.036,-0.148,0.9769,0.0191,0.0,-2,0,0,100
25.228,1,0,0.0,0.01,-0.027,-0.14,0.9769,0.0212,0.0,-2,0,0,100
25.258,1,0,0.0,0.0,0.013,-0.144,0.9769,0.0203,0.0,-2,0,0,100
25.289,1,0,0.0,0.0,0.054,-0.139,0.9769,0.0193,0.0,-2,0,0,100
25.305,1,0,0.0,0.0,-0.012,-0.138,0.9769,0.0206,0.0,-2,0,0,100
25.321,1,0,0.0,0.01,0.064,0.157,0.9769,0.0202,0.0,2,0,0,100
25.338,1,0,0.0,0.0,-0.063,0.126,0.9769,0.0208,0.0,2,0,0,100
25.368,1,0,0.0,0.0,-0.012,0.133,0.9769,0.0211,0.0,2,0,0,100
25.399,1,0,0.0,0.0,0.002,0.145,0.9769,0.0204,0.0,2,0,0,100
25.43,1,0,0.0,0.0,0.123,0.146,0.9769,0.0203,0.0,2,0,0,100
25.46,1,0,0.0,0.0,0.027,0.116,0.9769,0.0183,0.0,2,0,0,100
25.477,1,0,0.0,0.0,0.014,0.125,0.9769,0.019,0.0,2,0,0,100
25.507,1,0,0.0,0.0,-0.002,0.159,0.9769,0.0182,0.0,2,0,0,100
25.523,1,0,0.0,0.0,-0.044,0.13,0.9769,0.0189,0.0,2,0,0,100
25.555,1,0,0.0,0.0,0.023,0.136,0.9769,0.0207,0.0,2,0,0,100
25.571,1,0,0.0,0.0,-0.015,-0.137,0.9769,0.0218,0.0,-2,0,0,100
25.588,1,0,0.0,0.01,-0.036,-0.152,0.9769,0.0207,0.0,-2,0,0,100
25.618,1,0,0.0,0.0,-0.103,-0.148,0.9769,0.0214,0.0,-2,0,0,100
25.649,1,0,0.0,0.0,-0.012,-0.133,0.9769,0.0206,0.0,-2,0,0,100
25.679,1,0,0.0,0.0,-0.003,-0.168,0.9769,0.0202,0.0,-2,0,0,100
25.696,1,0,0.0,0.0,0.013,-0.173,0.9769,0.021,0.0,-2,0,0,100
25.727,1,0,0.0,0.0,-0.055,0.155,0.9769,0.0207,0.0,2,0,0,100
25.744,1,0,0.0,0.0,-0.005,-0.155,0.9769,0.0207,0.0,-2,0,0,100
25.775,1,0,0.0,0.0,0.041,-0.139,0.9769,0.0202,0.0,-2,0,0,100
25.805,1,0,0.0,0.0,-0.006,-0.148,0.9769,0.0206,0.0,-2,0,0,100
25.821,1,0,0.0,0.0,0.005,-0.155,0.9769,0.0206,0.0,-2,0,0,100
25.852,1,0,0.0,0.0,0.128,-0.16,0.9769,0.0204,0.0,-2,0,0,100
25.883,1,0,0.0,0.0,-0.004,-0.159,0.9769,0.0204,0.0,-2,0,0,100
25.914,1,0,0.0,0.0,-0.024,0.139,0.9768,0.0204,0.0,2,0,0,100
25.945,1,0,0.0,0.01,0.046,0.141,0.9768,0.0203,0.0,2,0,0,100
25.976,1,0,0.0,0.01,0.024,-0.142,0.9768,0.021,0.0,-2,0,0,100
26.008,1,0,0.0,0.01,0.074,-0.132,0.9768,0.0205,0.0,-2,0,0,100
26.025,1,0,0.0,0.0,0.038,-0.147,0.9768,0.0193,0.0,-2,0,0,100
26.057,1,0,0.0,0.0,0.149,-0.148,0.9768,0.0191,0.0,-2,0,0,100
26.073,1,0,0.0,0.0,0.009,-0.141,0.9768,0.019,0.0,-2,0,0,100
26.105,1,0,0.0,0.0,0.016,-0.131,0.9768,0.0209,0.0,-2,0,0,100
26.137,1,0,0.0,0.01,0.018,0.13,0.9768,0.0206,0.0,2,0,0,100
26.167,1,0,0.0,0.01,0.108,0.135,0.9768,0.0204,0.0,2,0,0,100
26.198,1,0,0.0,0.01,0.15,0.146,0.9768,0.0205,0.0,2,0,0,100
26.214,1,0,0.0,0.01,0.074,0.158,0.9768,0.0211,0.0,2,0,0,100
26.246,1,0,0.0,0.0,0.259,0.155,0.9768,0.0193,0.0,2,0,0,100
26.276,1,0,0.0,0.0,0.047,-0.146,0.9768,0.0201,0.0,-2,0,0,100
26.293,1,0,0.0,0.0,0.015,0.128,0.9768,0.0206,0.0,2,0,0,100
26.325,1,0,0.0,0.0,-0.007,-0.156,0.9768,0.0191,0.0,-2,0,0,100
26.341,1,0,0.0,0.0,0.023,0.134,0.9768,0.0204,0.0,2,0,0,100
26.358,1,0,0.0,0.0,0.022,0.146,0.9768,0.021,0.0,2,0,0,100
26.374,1,0,0.0,0.0,0.009,-0.172,0.9768,0.0201,0.0,-2,0,0,100
26.405,1,0,0.0,0.0,-0.011,-0.131,0.9768,0.0195,0.0,-2,0,0,100
26.436,1,0,0.0,0.0,0.086,0.141,0.9768,0.0195,0.0,2,0,0,100
26.467,1,0,0.0,0.0,0.064,0.137,0.9768,0.0192,0.0,2,0,0,100
26.497,1,0,0.0,0.0,-0.046,0.15,0.9768,0.0187,0.0,2,0,0,100
26.529,1,0,0.0,0.0,-0.005,-0.127,0.9768,0.0191,0.0,-2,0,0,100
26.545,1,0,0.0,0.01,-0.023,0.139,0.9768,0.0195,0.0,2,0,0,100
26.562,1,0,0.0,0.0,-0.002,0.147,0.9768,0.0205,0.0,2,0,0,100
26.591,1,0,0.0,0.0,-0.012,0.143,0.9768,0.0205,0.0,2,0,0,100
26.608,1,0,0.0,0.0,-0.017,-0.131,0.9768,0.0205,0.0,-2,0,0,100
26.639,1,0,0.0,0.0,0.057,-0.133,0.9768,0.0209,0.0,-2,0,0,100
26.671,1,0,0.0,0.01,0.17,0.142,0.9768,0.0204,0.0,2,0,0,100
26.702,1,0,0.0,0.0,0.049,0.144,0.9768,0.0194,0.0,2,0,0,100
26.718,1,0,0.0,0.0,-0.056,0.15,0.9768,0.0207,0.0,2,0,0,100
26.75,1,0,0.0,0.0,0.009,0.143,0.9768,0.0192,0.0,2,0,0,100
26.781,1,0,0.0,0.0,0.036,-0.134,0.9768,0.0204,0.0,-2,0,0,100
26.812,1,0,0.0,0.0,-0.033,-0.121,0.9768,0.0211,0.0,-2,0,0,100
26.843,1,0,0.0,0.0,0.017,-0.133,0.9768,0.0206,0.0,-2,0,0,100
26.874,1,0,0.0,0.0,0.043,0.116,0.9768,0.0204,0.0,2,0,0,100
26.891,1,0,0.0,0.0,0.035,-0.123,0.9768,0.021,0.0,-2,0,0,100
26.921,1,0,0.0,0.0,0.004,0.15,0.9768,0.0207,0.0,2,0,0,100
26.953,1,0,0.0,0.0,0.031,0.148,0.9768,0.0206,0.0,2,0,0,100
26.985,1,0,0.0,0.0,-0.007,-0.142,0.9768,0.0208,0.0,-2,0,0,100
27.016,1,0,0.0,0.0,-0.068,-0.161,0.9768,0.0187,0.0,-2,0,0,100
27.033,1,0,0.0,0.0,0.047,-0.135,0.9768,0.0192,0.0,-2,0,0,100
27.064,1,0,0.0,0.0,0.004,-0.149,0.9768,0.0201,0.0,-2,0,0,100
27.095,1,0,0.0,0.01,0.089,-0.153,0.9768,0.0193,0.0,-2,0,0,100
27.126,1,0,0.0,0.0,-0.128,0.155,0.9768,0.0191,0.0,2,0,0,100
27.157,1,0,0.0,0.0,0.031,0.154,0.9768,0.0208,0.0,2,0,0,100
27.187,1,0,0.0,0.0,0.006,0.179,0.9768,0.0183,0.0,2,0,0,100
27.218,1,0,0.0,0.0,0.05,0.148,0.9768,0.0192,0.0,2,0,0,100
27.25,1,0,0.0,0.0,0.049,-0.148,0.9768,0.0208,0.0,-2,0,0,100
27.267,1,0,0.0,0.0,-0.086,-0.154,0.9768,0.0211,0.0,-2,0,0,100
27.297,1,0,0.0,0.0,-0.003,-0.161,0.9768,0.021,0.0,-2,0,0,100
27.314,1,0,0.0,0.0,-0.194,0.14,0.9768,0.021,0.0,2,0,0,100
27.33,1,0,0.0,0.01,0.002,0.137,0.9768,0.0203,0.0,2,0,0,100
27.346,1,0,0.0,0.0,0.045,-0.125,0.9768,0.0211,0.0,-2,0,0,100
27.377,1,0,0.0,0.01,0.028,0.141,0.9768,0.021,0.0,2,0,0,100
27.408,1,0,0.0,0.0,0.041,0.128,0.9768,0.0203,0.0,2,0,0,100
27.425,1,0,0.0,0.01,-0.044,-0.127,0.9768,0.021,0.0,-2,0,0,100
27.455,1,0,0.0,0.0,-0.053,-0.124,0.9768,0.0203,0.0,-2,0,0,100
27.486,1,0,0.0,0.01,-0.002,0.156,0.9768,0.019,0.0,2,0,0,100
27.517,1,0,0.0,0.0,-0.029,0.121,0.9768,0.0207,0.0,2,0,0,100
27.547,1,0,0.0,0.0,0.051,0.154,0.9768,0.0203,0.0,2,0,0,100
27.578,1,0,0.0,0.0,0.076,-0.146,0.9768,0.0204,0.0,-2,0,0,100
27.595,1,0,0.0,0.0,-0.09,0.141,0.9768,0.0206,0.0,2,0,0,100
27.611,1,0,0.0,0.0,0.017,-0.158,0.9768,0.0208,0.0,-2,0,0,100
27.643,1,0,0.0,0.01,0.068,0.146,0.9768,0.0205,0.0,2,0,0,100
27.659,1,0,0.0,0.01,-0.015,0.13,0.9768,0.0204,0.0,2,0,0,100
27.691,1,0,0.0,0.01,0.02,0.139,0.9768,0.0201,0.0,2,0,0,100
27.721,1,0,0.0,0.0,-0.027,0.155,0.9768,0.0189,0.0,2,0,0,100
27.753,1,0,0.0,0.0,0.049,-0.129,0.9768,0.0165,0.0,-2,0,0,100
27.77,1,0,0.0,0.01,-0.022,0.134,0.9768,0.0175,0.0,2,0,0,100
27.8,1,0,0.0,0.0,0.026,0.136,0.9768,0.0187,0.0,2,0,0,100
27.83,1,0,0.0,0.0,-0.014,-0.145,0.9768,0.0201,0.0,-2,0,0,100
27.861,1,0,0.0,0.01,-0.034,-0.149,0.9768,0.0202,0.0,-2,0,0,100
27.877,1,0,0.0,0.0,0.08,0.162,0.9768,0.0202,0.0,2,0,0,100
27.908,1,0,0.0,0.01,-0.039,0.145,0.9768,0.0194,0.0,2,0,0,100
27.94,1,0,0.0,0.01,-0.185,-0.148,0.9768,0.0181,0.0,-2,0,0,100
27.97,1,0,0.0,0.01,-0.031,-0.136,0.9768,0.0183,0.0,-2,0,0,100
27.987,1,0,0.0,0.01,-0.022,-0.148,0.9768,0.0168,0.0,-2,0,0,100
28.017,1,0,0.0,0.01,0.077,-0.14,0.9768,0.0136,0.0,-2,0,0,100
28.048,1,0,0.0,0.01,-0.016,-0.138,0.9768,0.0165,0.0,-2,0,0,100
28.078,1,0,0.0,0.01,-0.016,-0.148,0.9768,0.0163,0.0,-2,0,0,100
28.095,1,0,0.0,0.0,0.023,-0.14,0.9768,0.0175,0.0,-2,0,0,100
28.126,1,0,0.0,0.01,-0.065,-0.132,0.9768,0.0179,0.0,-2,0,0,100
28.157,1,0,0.0,0.01,0.007,0.142,0.9768,0.0191,0.0,2,0,0,100
28.188,1,0,0.0,0.0,0.033,0.123,0.9768,0.0207,0.0,2,0,0,100
28.22,1,0,0.0,0.0,0.003,0.159,0.9768,0.0201,0.0,2,0,0,100
28.236,1,0,0.0,0.0,-0.018,0.146,0.9768,0.0193,0.0,2,0,0,100
28.267,1,0,0.0,0.0,-0.025,0.1,0.9768,0.0193,0.0,2,0,0,100
28.283,1,0,0.0,0.0,0.112,0.132,0.9768,0.0193,0.0,2,0,0,100
28.315,1,0,0.0,0.0,-0.036,0.146,0.9768,0.0205,0.0,2,0,0,100
28.331,1,0,0.0,0.0,0.098,0.132,0.9768,0.0206,0.0,2,0,0,100
28.362,1,0,0.0,0.01,0.02,0.148,0.9768,0.0206,0.0,2,0,0,100
28.378,1,0,0.0,0.0,-0.068,-0.129,0.9768,0.0204,0.0,-2,0,0,100
28.409,1,0,0.0,0.0,-0.066,-0.15,0.9768,0.0208,0.0,-2,0,0,100
28.442,1,0,0.0,0.01,-0.053,0.151,0.9768,0.0211,0.0,2,0,0,100
28.472,1,0,0.0,0.0,-0.06,0.117,0.9768,0.0184,0.0,2,0,0,100
28.488,1,0,0.0,0.0,0.03,0.155,0.9768,0.0189,0.0,2,0,0,100
28.518,1,0,0.0,0.0,0.004,0.137,0.9768,0.0202,0.0,2,0,0,100
28.535,1,0,0.0,0.01,0.024,-0.149,0.9768,0.0206,0.0,-2,0,0,100
28.551,1,0,0.0,0.0,0.001,-0.124,0.9768,0.0206,0.0,-2,0,0,100
28.567,1,0,0.0,0.01,-0.015,0.171,0.9768,0.0201,0.0,2,0,0,100
28.583,1,0,0.0,0.0,-0.014,0.114,0.9768,0.0206,0.0,2,0,0,100
28.615,1,0,0.0,0.0,0.007,0.138,0.9768,0.0208,0.0,2,0,0,100
28.631,1,0,0.0,0.0,0.004,0.118,0.9768,0.0206,0.0,2,0,0,100
28.662,1,0,0.0,0.0,0.0,0.137,0.9768,0.0205,0.0,2,0,0,100
28.693,1,0,0.0,0.01,-0.183,0.139,0.9768,0.019,0.0,2,0,0,100
28.725,1,0,0.0,0.0,0.091,-0.138,0.9768,0.0188,0.0,-2,0,0,100
28.741,1,0,0.0,0.0,-0.156,0.135,0.9768,0.0193,0.0,2,0,0,100
28.772,1,0,0.0,0.01,-0.186,0.097,0.9768,0.0205,0.0,2,0,0,100
28.788,1,0,0.0,0.01,0.165,0.123,0.9768,0.0205,0.0,2,0,0,100
28.82,1,0,0.0,0.0,0.057,0.14,0.9768,0.0202,0.0,2,0,0,100
28.851,1,0,0.0,0.0,0.019,-0.129,0.9768,0.0182,0.0,-2,0,0,100
28.882,1,0,0.0,0.0,0.028,-0.138,0.9768,0.0184,0.0,-2,0,0,100
28.913,1,0,0.0,0.0,0.024,-0.143,0.9768,0.0201,0.0,-2,0,0,100
28.943,1,0,0.0,0.01,0.029,0.157,0.9768,0.021,0.0,2,0,0,100
28.975,1,0,0.0,0.0,0.041,0.129,0.9768,0.021,0.0,2,0,0,100
29.005,1,0,0.0,0.0,0.049,0.146,0.9768,0.0203,0.0,2,0,0,100
29.037,1,0,0.0,0.0,0.014,-0.156,0.9768,0.02,0.0,-2,0,0,100
29.067,1,0,0.0,0.0,-0.051,-0.148,0.9768,0.02,0.0,-2,0,0,100
29.099,1,0,0.0,0.0,0.005,-0.132,0.9768,0.0204,0.0,-2,0,0,100
29.129,1,0,0.0,0.01,-0.012,-0.144,0.9768,0.0203,0.0,-2,0,0,100
29.16,1,0,0.0,0.01,-0.068,0.148,0.9768,0.0211,0.0,2,0,0,100
29.19,1,0,0.0,0.0,-0.054,0.131,0.9768,0.0204,0.0,2,0,0,100
29.221,1,0,0.0,0.0,-0.002,0.134,0.9768,0.0209,0.0,2,0,0,100
29.237,1,0,0.0,0.0,0.002,0.136,0.9768,0.0183,0.0,2,0,0,100
29.268,1,0,0.0,0.01,0.01,0.144,0.9768,0.0201,0.0,2,0,0,100
29.299,1,0,0.0,0.01,-0.012,0.118,0.9768,0.0209,0.0,2,0,0,100
29.315,1,0,0.0,0.01,-0.039,-0.134,0.9768,0.0205,0.0,-2,0,0,100
29.346,1,0,0.0,0.01,-0.059,0.131,0.9768,0.0211,0.0,2,0,0,100
29.363,1,0,0.0,0.0,-0.021,-0.153,0.9768,0.0209,0.0,-2,0,0,100
29.393,1,0,0.0,0.01,0.064,0.154,0.9768,0.0202,0.0,2,0,0,100
29.424,1,0,0.0,0.01,0.056,0.148,0.9768,0.0213,0.0,2,0,0,100
29.455,1,0,0.0,0.01,-0.033,0.157,0.9768,0.0206,0.0,2,0,0,100
29.487,1,0,0.0,0.0,-0.052,-0.17,0.9768,0.0204,0.0,-2,0,0,100
29.503,1,0,0.0,0.0,0.014,0.132,0.9768,0.0184,0.0,2,0,0,100
29.533,1,0,0.0,0.01,0.092,0.116,0.9768,0.0184,0.0,2,0,0,100
29.564,1,0,0.0,0.01,-0.022,0.166,0.9768,0.0203,0.0,2,0,0,100
29.581,1,0,0.0,0.01,0.164,0.149,0.9768,0.0212,0.0,2,0,0,100
29.597,1,0,0.0,0.0,-0.196,-0.145,0.9768,0.0212,0.0,-2,0,0,100
29.613,1,0,0.0,0.01,0.139,-0.151,0.9768,0.021,0.0,-2,0,0,100
29.629,1,0,0.0,0.01,-0.045,0.114,0.9768,0.0206,0.0,2,0,0,100
29.646,1,0,0.0,0.01,-0.072,0.111,0.9768,0.0208,0.0,2,0,0,100
29.678,1,0,0.0,0.0,-0.133,0.12,0.9768,0.0206,0.0,2,0,0,100
29.709,1,0,0.0,0.0,-0.047,-0.147,0.9768,0.0202,0.0,-2,0,0,100
29.74,1,0,0.0,0.0,-0.004,-0.125,0.9768,0.0202,0.0,-2,0,0,100
29.771,1,0,0.0,0.0,0.015,-0.15,0.9768,0.0208,0.0,-2,0,0,100
29.803,1,0,0.0,0.0,-0.028,0.173,0.9768,0.0201,0.0,2,0,0,100
29.819,1,0,0.0,0.0,0.047,-0.15,0.9768,0.021,0.0,-2,0,0,100
29.835,1,0,0.0,0.0,-0.062,-0.169,0.9768,0.0208,0.0,-2,0,0,100
29.867,1,0,0.0,0.0,0.028,-0.146,0.9768,0.0205,0.0,-2,0,0,100
29.897,1,0,0.0,0.0,-0.058,-0.135,0.9768,0.0192,0.0,-2,0,0,100
29.913,1,0,0.0,0.0,0.023,-0.15,0.9768,0.0166,0.0,-2,0,0,100
29.929,1,0,0.0,0.0,-0.041,0.106,0.9768,0.0176,0.0,2,0,0,100
29.961,1,0,0.0,0.0,-0.019,-0.143,0.9768,0.019,0.0,-2,0,0,100
29.992,1,0,0.0,0.01,0.005,-0.127,0.9768,0.0193,0.0,-2,0,0,100
30.023,1,0,0.0,0.0,-0.017,-0.107,0.9768,0.0205,0.0,-2,0,0,100
30.055,1,0,0.0,0.01,-0.124,0.132,0.9768,0.0211,0.0,2,0,0,100
30.071,1,0,0.0,0.01,-0.029,0.141,0.9768,0.0208,0.0,2,0,0,100
30.103,1,0,0.0,0.0,-0.043,0.185,0.9768,0.0193,0.0,2,0,0,100
30.133,1,0,0.0,0.0,-0.029,0.145,0.9768,0.0182,0.0,2,0,0,100
30.15,1,0,0.0,0.0,0.032,0.153,0.9768,0.0188,0.0,2,0,0,100
30.18,1,0,0.0,0.0,0.005,0.161,0.9768,0.018,0.0,2,0,0,100
30.211,1,0,0.0,0.0,-0.004,0.141,0.9768,0.0191,0.0,2,0,0,100
30.227,1,0,0.0,0.0,0.031,-0.147,0.9768,0.0195,0.0,-2,0,0,100
30.244,1,0,0.0,0.01,0.103,-0.145,0.9768,0.021,0.0,-2,0,0,100
30.274,1,0,0.0,0.0,0.148,-0.157,0.9768,0.021,0.0,-2,0,0,100
30.305,1,0,0.0,0.0,0.093,-0.128,0.9768,0.0209,0.0,-2,0,0,100
30.321,1,0,0.0,0.0,-0.064,-0.136,0.9768,0.021,0.0,-2,0,0,100
30.337,1,0,0.0,0.01,-0.021,0.146,0.9768,0.0211,0.0,2,0,0,100
30.353,1,0,0.0,0.01,-0.09,0.127,0.9768,0.0209,0.0,2,0,0,100
30.384,1,0,0.0,0.01,0.113,0.142,0.9768,0.0203,0.0,2,0,0,100
30.415,1,0,0.0,0.01,0.009,0.166,0.9768,0.0203,0.0,2,0,0,100
30.447,1,0,0.0,0.01,0.063,-0.132,0.9768,0.0205,0.0,-2,0,0,100
30.477,1,0,0.0,0.0,0.028,-0.155,0.9768,0.0206,0.0,-2,0,0,100
30.508,1,0,0.0,0.01,0.11,-0.165,0.9768,0.0209,0.0,-2,0,0,100
30.538,1,0,0.0,0.01,0.037,-0.147,0.9768,0.0206,0.0,-2,0,0,100
30.568,1,0,0.0,0.0,0.004,-0.127,0.9768,0.021,0.0,-2,0,0,100
30.599,1,0,0.0,0.0,0.016,-0.152,0.9768,0.0212,0.0,-2,0,0,100
30.631,1,0,0.0,0.0,0.019,0.14,0.9768,0.0206,0.0,2,0,0,100
30.662,1,0,0.0,0.0,0.059,0.147,0.9768,0.0209,0.0,2,0,0,100
30.693,1,0,0.0,0.01,0.103,-0.132,0.9768,0.0206,0.0,-2,0,0,100
30.71,1,0,0.0,0.0,-0.025,0.133,0.9768,0.0204,0.0,2,0,0,100
30.74,1,0,0.0,0.0,-0.018,0.147,0.9768,0.0209,0.0,2,0,0,100
30.771,1,0,0.0,0.0,0.097,-0.168,0.9768,0.0204,0.0,-2,0,0,100
30.802,1,0,0.0,0.0,-0.034,-0.153,0.9768,0.0209,0.0,-2,0,0,100
30.833,1,0,0.0,0.0,-0.057,-0.164,0.9768,0.0214,0.0,-2,0,0,100
30.864,1,0,0.0,0.0,-0.046,0.158,0.9768,0.0209,0.0,2,0,0,100
30.881,1,0,0.0,0.0,0.034,-0.136,0.9768,0.019,0.0,-2,0,0,100
30.897,1,0,0.0,0.0,-0.004,-0.13,0.9768,0.0206,0.0,-2,0,0,100
30.914,1,0,0.0,0.01,-0.015,0.157,0.9768,0.0202,0.0,2,0,0,100
30.944,1,0,0.0,0.0,-0.03,-0.143,0.9768,0.0191,0.0,-2,0,0,100
30.975,1,0,0.0,0.0,0.073,-0.129,0.9768,0.0205,0.0,-2,0,0,100
31.006,1,0,0.0,0.0,0.026,-0.135,0.9768,0.021,0.0,-2,0,0,100
31.037,1,0,0.0,0.0,-0.061,0.133,0.9768,0.0201,0.0,2,0,0,100
31.053,1,0,0.0,0.0,0.101,-0.13,0.9768,0.0213,0.0,-2,0,0,100
31.084,1,0,0.0,0.01,0.219,-0.166,0.9768,0.0197,0.0,-2,0,0,100
31.116,1,0,0.0,0.0,-0.094,0.128,0.9768,0.0206,0.0,2,0,0,100
31.133,1,0,0.0,0.0,0.052,-0.14,0.9768,0.0207,0.0,-2,0,0,100
31.164,1,0,0.0,0.0,0.0,0.153,0.9768,0.0205,0.0,2,0,0,100
31.195,1,0,0.0,0.0,-0.012,0.134,0.9768,0.0205,0.0,2,0,0,100
31.211,1,0,0.0,0.0,-0.022,-0.141,0.9768,0.021,0.0,-2,0,0,100
31.242,1,0,0.0,0.0,-0.001,0.146,0.9768,0.0208,0.0,2,0,0,100
31.273,1,0,0.0,0.0,-0.027,0.146,0.9768,0.0212,0.0,2,0,0,100
31.289,1,0,0.0,0.0,0.007,0.157,0.9768,0.0204,0.0,2,0,0,100
31.306,1,0,0.0,0.0,-0.031,-0.129,0.9768,0.0207,0.0,-2,0,0,100
31.337,1,0,0.0,0.0,-0.041,-0.161,0.9768,0.0204,0.0,-2,0,0,100
31.353,1,0,0.0,0.0,-0.028,-0.165,0.9768,0.0207,0.0,-2,0,0,100
31.369,1,0,0.0,0.0,0.014,0.138,0.9768,0.0203,0.0,2,0,0,100
31.4,1,0,0.0,0.0,-0.039,-0.111,0.9768,0.0205,0.0,-2,0,0,100
31.431,1,0,0.0,0.0,-0.042,-0.142,0.9768,0.0201,0.0,-2,0,0,100
31.463,1,0,0.0,0.01,-0.03,0.125,0.9768,0.0209,0.0,2,0,0,100
31.48,1,0,0.0,0.0,-0.04,-0.15,0.9768,0.0187,0.0,-2,0,0,100
31.51,1,0,0.0,0.0,0.032,-0.166,0.9768,0.0179,0.0,-2,0,0,100
31.54,1,0,0.0,0.0,-0.071,-0.115,0.9768,0.0191,0.0,-2,0,0,100
31.571,1,0,0.0,0.0,0.026,-0.153,0.9768,0.0205,0.0,-2,0,0,100
31.603,1,0,0.0,0.01,-0.023,0.15,0.9768,0.0206,0.0,2,0,0,100
31.635,1,0,0.0,0.0,-0.026,-0.145,0.9768,0.0201,0.0,-2,0,0,100
31.666,1,0,0.0,0.0,-0.002,-0.161,0.9768,0.0203,0.0,-2,0,0,100
31.697,1,0,0.0,0.0,0.031,-0.137,0.9768,0.0204,0.0,-2,0,0,100
31.713,1,0,0.0,0.0,-0.051,-0.12,0.9768,0.0207,0.0,-2,0,0,100
31.744,1,0,0.0,0.01,0.014,-0.124,0.9768,0.0204,0.0,-2,0,0,100
31.775,1,0,0.0,0.0,0.023,-0.135,0.9768,0.0211,0.0,-2,0,0,100
31.805,1,0,0.0,0.0,-0.081,-0.161,0.9768,0.0207,0.0,-2,0,0,100
31.836,1,0,0.0,0.0,-0.015,0.126,0.9768,0.0205,0.0,2,0,0,100
31.853,1,0,0.0,0.0,-0.015,-0.109,0.9768,0.02,0.0,-2,0,0,100
31.869,1,0,0.0,0.0,0.047,-0.128,0.9768,0.0193,0.0,-2,0,0,100
31.901,1,0,0.0,0.01,-0.049,-0.146,0.9768,0.0206,0.0,-2,0,0,100
31.931,1,0,0.0,0.01,-0.05,-0.142,0.9768,0.0187,0.0,-2,0,0,100
31.947,1,0,0.0,0.01,-0.041,-0.162,0.9768,0.0192,0.0,-2,0,0,100
31.979,1,0,0.0,0.01,0.018,-0.133,0.9768,0.0207,0.0,-2,0,0,100
32.01,1,0,0.0,0.0,-0.073,0.148,0.9768,0.021,0.0,2,0,0,100
32.041,1,0,0.0,0.0,0.036,0.142,0.9768,0.0207,0.0,2,0,0,100
32.057,1,0,0.0,0.0,0.041,-0.116,0.9768,0.021,0.0,-2,0,0,100
32.088,1,0,0.0,0.0,0.051,0.147,0.9768,0.0205,0.0,2,0,0,100
32.105,1,0,0.0,0.0,-0.067,-0.162,0.9768,0.021,0.0,-2,0,0,100
32.136,1,0,0.0,0.0,0.001,0.13,0.9768,0.0207,0.0,2,0,0,100
32.167,1,0,0.0,0.0,-0.006,0.146,0.9768,0.0201,0.0,2,0,0,100
32.197,1,0,0.0,0.0,-0.034,0.138,0.9768,0.0205,0.0,2,0,0,100
32.229,1,0,0.0,0.0,-0.002,-0.135,0.9768,0.0186,0.0,-2,0,0,100
32.26,1,0,0.0,0.0,-0.052,-0.151,0.9768,0.0165,0.0,-2,0,0,100
32.29,1,0,0.0,0.0,0.046,-0.143,0.9768,0.0173,0.0,-2,0,0,100
32.321,1,0,0.0,0.0,-0.041,-0.149,0.9768,0.0178,0.0,-2,0,0,100
32.351,1,0,0.0,0.0,-0.067,-0.119,0.9768,0.0189,0.0,-2,0,0,100
32.382,1,0,0.0,0.0,0.029,0.141,0.9768,0.0165,0.0,2,0,0,100
32.413,1,0,0.0,0.0,0.027,0.115,0.9768,0.0181,0.0,2,0,0,100
32.445,1,0,0.0,0.0,0.038,-0.134,0.9768,0.0165,0.0,-2,0,0,100
32.476,1,0,0.0,0.0,-0.005,-0.14,0.9768,0.0154,0.0,-2,0,0,100
32.507,1,0,0.0,0.0,-0.171,-0.14,0.9768,0.0128,0.0,-2,0,0,100
32.523,1,0,0.0,0.0,0.109,-0.129,0.9768,0.015,0.0,-2,0,0,100
32.555,1,0,0.0,0.0,0.003,-0.154,0.9768,0.0164,0.0,-2,0,0,100
32.571,1,0,0.0,0.01,0.012,-0.161,0.9768,0.0176,0.0,-2,0,0,100
32.602,1,0,0.0,0.0,-0.025,-0.135,0.9768,0.0177,0.0,-2,0,0,100
32.618,1,0,0.0,0.01,0.005,0.155,0.9768,0.0155,0.0,2,0,0,100
32.635,1,0,0.0,0.0,0.052,0.166,0.9768,0.016,0.0,2,0,0,100
32.667,1,0,0.0,0.0,0.05,-0.159,0.9768,0.0163,0.0,-2,0,0,100
32.697,1,0,0.0,0.0,0.003,-0.134,0.9768,0.0166,0.0,-2,0,0,100
32.713,1,0,0.0,0.0,-0.077,0.156,0.9768,0.0175,0.0,2,0,0,100
32.743,1,0,0.0,0.0,-0.035,0.161,0.9768,0.0179,0.0,2,0,0,100
32.774,1,0,0.0,0.01,-0.005,0.137,0.9768,0.0179,0.0,2,0,0,100
32.805,1,0,0.0,0.0,-0.086,-0.139,0.9768,0.0184,0.0,-2,0,0,100
32.821,1,0,0.0,0.0,0.014,0.151,0.9768,0.0189,0.0,2,0,0,100
32.838,1,0,0.0,0.0,0.07,0.146,0.9768,0.02,0.0,2,0,0,100
32.868,1,0,0.0,0.0,-0.005,0.137,0.9768,0.0204,0.0,2,0,0,100
32.885,1,0,0.0,0.0,0.005,-0.141,0.9768,0.021,0.0,-2,0,0,100
32.901,1,0,0.0,0.0,0.03,-0.133,0.9768,0.0205,0.0,-2,0,0,100
32.917,1,0,0.0,0.0,-0.029,0.135,0.9768,0.0206,0.0,2,0,0,100
32.947,1,0,0.0,0.0,0.009,0.129,0.9768,0.0208,0.0,2,0,0,100
32.963,1,0,0.0,0.0,-0.04,0.133,0.9768,0.019,0.0,2,0,0,100
32.994,1,0,0.0,0.0,-0.01,0.168,0.9768,0.0189,0.0,2,0,0,100
33.025,1,0,0.0,0.0,-0.032,0.167,0.9768,0.019,0.0,2,0,0,100
33.056,1,0,0.0,0.0,-0.073,0.144,0.9768,0.0188,0.0,2,0,0,100
33.087,1,0,0.0,0.01,0.043,-0.139,0.9768,0.0193,0.0,-2,0,0,100
33.117,1,0,0.0,0.0,0.02,-0.138,0.9768,0.0205,0.0,-2,0,0,100
33.134,1,0,0.0,0.0,-0.054,0.121,0.9768,0.0204,0.0,2,0,0,100
33.15,1,0,0.0,0.0,0.051,0.147,0.9768,0.0202,0.0,2,0,0,100
33.18,1,0,0.0,0.0,0.029,0.138,0.9768,0.0194,0.0,2,0,0,100
33.211,1,0,0.0,0.01,0.029,0.138,0.9768,0.0153,0.0,2,0,0,100
33.228,1,0,0.0,0.0,0.01,0.139,0.9768,0.0158,0.0,2,0,0,100
33.244,1,0,0.0,0.0,0.048,-0.149,0.9768,0.0142,0.0,-2,0,0,100
33.275,1,0,0.0,0.0,0.003,-0.133,0.9768,0.0126,0.0,-2,0,0,100
33.305,1,0,0.0,0.0,-0.021,-0.133,0.9768,0.014,0.0,-2,0,0,100
33.334,1,0,0.0,0.0,-0.219,-0.131,0.9768,0.0166,0.0,-2,0,0,100
33.365,1,0,0.0,0.0,-0.154,-0.126,0.9768,0.016,0.0,-2,0,0,100
33.396,1,0,0.0,0.01,0.042,0.123,0.9768,0.0153,0.0,2,0,0,100
33.413,1,0,0.0,0.0,-0.002,-0.148,0.9768,0.0165,0.0,-2,0,0,100
33.443,1,0,0.0,0.0,0.064,0.127,0.9768,0.0174,0.0,2,0,0,100
33.46,1,0,0.0,0.01,-0.088,-0.147,0.9768,0.0183,0.0,-2,0,0,100
33.477,1,0,0.0,0.0,-0.036,-0.151,0.9768,0.0189,0.0,-2,0,0,100
33.507,1,0,0.0,0.0,0.025,-0.138,0.9768,0.0181,0.0,-2,0,0,100
33.538,1,0,0.0,0.0,-0.03,-0.134,0.9768,0.0181,0.0,-2,0,0,100
33.569,1,0,0.0,0.0,-0.02,-0.148,0.9768,0.0191,0.0,-2,0,0,100
33.6,1,0,0.0,0.0,0.072,0.137,0.9768,0.0182,0.0,2,0,0,100
33.617,1,0,0.0,0.0,-0.035,-0.145,0.9768,0.0189,0.0,-2,0,0,100
33.633,1,0,0.0,0.01,0.184,-0.151,0.9768,0.0193,0.0,-2,0,0,100
33.65,1,0,0.0,0.01,-0.116,0.156,0.9768,0.0187,0.0,2,0,0,100
33.68,1,0,0.0,0.01,-0.009,0.174,0.9768,0.0191,0.0,2,0,0,100
33.696,1,0,0.0,0.01,-0.048,0.149,0.9768,0.0176,0.0,2,0,0,100
33.713,1,0,0.0,0.0,0.04,-0.123,0.9768,0.0163,0.0,-2,0,0,100
33.743,1,0,0.0,0.0,0.023,0.13,0.9768,0.0182,0.0,2,0,0,100
33.775,1,0,0.0,0.0,0.077,0.138,0.9768,0.018,0.0,2,0,0,100
33.805,1,0,0.0,0.0,-0.017,0.157,0.9768,0.0183,0.0,2,0,0,100
33.821,1,0,0.0,0.0,0.04,0.145,0.9768,0.018,0.0,2,0,0,100
33.852,1,0,0.0,0.0,0.145,0.144,0.9768,0.018,0.0,2,0,0,100
33.868,1,0,0.0,0.01,-0.113,-0.155,0.9768,0.0175,0.0,-2,0,0,100
33.884,1,0,0.0,0.0,0.164,0.131,0.9768,0.0183,0.0,2,0,0,100
33.901,1,0,0.0,0.01,0.003,0.19,0.9768,0.018,0.0,2,0,0,100
33.931,1,0,0.0,0.01,0.02,0.145,0.9768,0.0191,0.0,2,0,0,100
33.947,1,0,0.0,0.01,-0.035,0.149,0.9768,0.0207,0.0,2,0,0,100
33.979,1,0,0.0,0.0,0.013,0.124,0.9768,0.0207,0.0,2,0,0,100
34.009,1,0,0.0,0.0,-0.045,0.125,0.9768,0.0206,0.0,2,0,0,100
34.04,1,0,0.0,0.0,-0.021,-0.12,0.9768,0.0211,0.0,-2,0,0,100
34.057,1,0,0.0,0.0,-0.006,0.154,0.9768,0.0213,0.0,2,0,0,100
34.073,1,0,0.0,0.0,0.004,-0.141,0.9768,0.0206,0.0,-2,0,0,100
34.105,1,0,0.0,0.01,0.005,0.161,0.9768,0.0211,0.0,2,0,0,100
34.136,1,0,0.0,0.0,0.018,0.135,0.9768,0.0203,0.0,2,0,0,100
34.167,1,0,0.0,0.0,0.004,-0.135,0.9768,0.0207,0.0,-2,0,0,100
34.198,1,0,0.0,0.0,-0.026,-0.102,0.9768,0.0209,0.0,-2,0,0,100
34.215,1,0,0.0,0.0,0.01,-0.16,0.9768,0.0204,0.0,-2,0,0,100
34.246,1,0,0.0,0.01,-0.051,-0.152,0.9768,0.0207,0.0,-2,0,0,100
34.276,1,0,0.0,0.01,-0.049,-0.157,0.9768,0.0205,0.0,-2,0,0,100
34.307,1,0,0.0,0.01,0.009,-0.121,0.9768,0.0209,0.0,-2,0,0,100
34.338,1,0,0.0,0.0,0.023,0.145,0.9768,0.0203,0.0,2,0,0,100
34.355,1,0,0.0,0.0,0.077,-0.136,0.9768,0.0209,0.0,-2,0,0,100
34.385,1,0,0.0,0.0,0.091,-0.17,0.9768,0.0214,0.0,-2,0,0,100
34.416,1,0,0.0,0.0,0.006,0.13,0.9768,0.0211,0.0,2,0,0,100
34.447,1,0,0.0,0.0,-0.011,0.156,0.9768,0.0205,0.0,2,0,0,100
34.463,1,0,0.0,0.0,0.054,-0.138,0.9768,0.0206,0.0,-2,0,0,100
34.494,1,0,0.0,0.01,0.002,0.148,0.9768,0.0203,0.0,2,0,0,100
34.511,1,0,0.0,0.0,0.012,-0.136,0.9768,0.0206,0.0,-2,0,0,100
34.541,1,0,0.0,0.0,0.025,0.138,0.9768,0.0213,0.0,2,0,0,100
34.573,1,0,0.0,0.0,-0.025,0.133,0.9768,0.0205,0.0,2,0,0,100
34.603,1,0,0.0,0.0,-0.048,0.149,0.9768,0.021,0.0,2,0,0,100
34.621,1,0,0.0,0.0,-0.035,0.14,0.9768,0.0206,0.0,2,0,0,100
34.651,1,0,0.0,0.01,-0.041,0.125,0.9768,0.0194,0.0,2,0,0,100
34.667,1,0,0.0,0.0,0.042,-0.158,0.9768,0.0198,0.0,-2,0,0,100
34.683,1,0,0.0,0.0,-0.012,-0.147,0.9768,0.0206,0.0,-2,0,0,100
34.699,1,0,0.0,0.0,-0.011,0.175,0.9768,0.0211,0.0,2,0,0,100
34.73,1,0,0.0,0.0,-0.017,0.138,0.9768,0.0206,0.0,2,0,0,100
34.761,1,0,0.0,0.0,-0.015,-0.136,0.9768,0.0211,0.0,-2,0,0,100
34.777,1,0,0.0,0.01,0.028,0.161,0.9768,0.0203,0.0,2,0,0,100
34.809,1,0,0.0,0.0,-0.01,-0.143,0.9768,0.021,0.0,-2,0,0,100
34.84,1,0,0.0,0.01,0.022,-0.142,0.9768,0.0206,0.0,-2,0,0,100
34.871,1,0,0.0,0.01,-0.128,-0.171,0.9768,0.0206,0.0,-2,0,0,100
34.902,1,0,0.0,0.01,-0.143,0.156,0.9768,0.0209,0.0,2,0,0,100
34.932,1,0,0.0,0.01,-0.051,0.156,0.9768,0.0206,0.0,2,0,0,100
34.963,1,0,0.0,0.0,-0.014,0.159,0.9768,0.0209,0.0,2,0,0,100
34.995,1,0,0.0,0.01,0.017,-0.126,0.9768,0.0209,0.0,-2,0,0,100
35.027,1,0,0.0,0.01,-0.018,-0.143,0.9768,0.0215,0.0,-2,0,0,100
35.044,1,0,0.0,0.01,-0.003,-0.133,0.9768,0.0209,0.0,-2,0,0,100
35.074,1,0,0.0,0.0,0.011,-0.127,0.9768,0.021,0.0,-2,0,0,100
35.105,1,0,0.0,0.0,0.003,-0.17,0.9768,0.0205,0.0,-2,0,0,100
35.136,1,0,0.0,0.0,0.011,0.143,0.9768,0.0207,0.0,2,0,0,100
35.166,1,0,0.0,0.0,0.084,0.145,0.9768,0.0206,0.0,2,0,0,100
35.198,1,0,0.0,0.0,0.006,0.127,0.9768,0.0211,0.0,2,0,0,100
35.215,1,0,0.0,0.0,0.047,0.147,0.9768,0.0205,0.0,2,0,0,100
35.231,1,0,0.0,0.0,0.005,-0.148,0.9768,0.0202,0.0,-2,0,0,100
35.247,1,0,0.0,0.0,-0.093,-0.132,0.9768,0.0204,0.0,-2,0,0,100
35.278,1,0,0.0,0.0,-0.108,-0.117,0.9768,0.0209,0.0,-2,0,0,100
35.309,1,0,0.0,0.0,-0.05,-0.137,0.9768,0.0202,0.0,-2,0,0,100
35.34,1,0,0.0,0.0,-0.007,0.129,0.9768,0.0203,0.0,2,0,0,100
35.371,1,0,0.0,0.0,0.066,0.163,0.9768,0.0205,0.0,2,0,0,100
35.402,1,0,0.0,0.0,0.005,0.156,0.9768,0.0201,0.0,2,0,0,100
35.434,1,0,0.0,0.0,0.021,-0.151,0.9768,0.0212,0.0,-2,0,0,100
35.465,1,0,0.0,0.0,0.043,-0.166,0.9768,0.0153,0.0,-2,0,0,100
35.481,1,0,0.0,0.0,0.035,-0.134,0.9768,0.0167,0.0,-2,0,0,100
35.497,1,0,0.0,0.01,-0.018,0.156,0.9768,0.0148,0.0,2,0,0,100
35.513,1,0,0.0,0.0,0.008,0.118,0.9768,0.0143,0.0,2,0,0,100
35.544,1,0,0.0,0.0,0.134,0.161,0.9768,0.0117,0.0,2,0,0,100
35.576,1,0,0.0,0.01,0.211,0.14,0.9768,0.0078,0.0,2,0,0,100
35.607,1,0,0.0,0.0,0.024,-0.16,0.9768,0.0062,0.0,-2,0,0,100
35.623,1,0,0.0,0.0,-0.048,0.12,0.9768,0.0075,0.0,2,0,0,100
35.655,1,0,0.0,0.0,0.03,-0.125,0.9768,0.0113,0.0,-2,0,0,100
35.686,1,0,0.0,0.0,0.004,-0.135,0.9768,0.008,0.0,-2,0,0,100
35.716,1,0,0.0,0.0,-0.109,-0.134,0.9768,0.0082,0.0,-2,0,0,100
35.733,1,0,0.0,0.0,0.077,-0.162,0.9768,0.0106,0.0,-2,0,0,100
35.749,1,0,0.0,0.01,0.03,0.156,0.9768,0.0109,0.0,2,0,0,100
35.78,1,0,0.0,0.0,0.061,0.134,0.9768,0.0072,0.0,2,0,0,100
35.797,1,0,0.0,0.0,-0.005,0.15,0.9768,0.0083,0.0,2,0,0,100
35.827,1,0,0.0,0.0,-0.039,0.159,0.9768,0.0112,0.0,2,0,0,100
35.843,1,0,0.0,0.0,-0.023,-0.153,0.9768,0.0094,0.0,-2,0,0,100
35.875,1,0,0.0,0.0,0.035,0.131,0.9768,0.0111,0.0,2,0,0,100
35.906,1,0,0.0,0.01,-0.028,0.146,0.9768,0.0093,0.0,2,0,0,100
35.937,1,0,0.0,0.0,0.015,-0.134,0.9768,0.01,0.0,-2,0,0,100
35.968,1,0,0.0,0.0,0.083,-0.145,0.9768,0.0113,0.0,-2,0,0,100
35.999,1,0,0.0,0.0,0.034,-0.13,0.9768,0.0081,0.0,-2,0,0,100
36.028,1,0,0.0,0.0,-0.08,-0.144,0.9768,0.0068,0.0,-2,0,0,100
36.045,1,0,0.0,0.0,-0.011,-0.149,0.9768,0.0107,0.0,-2,0,0,100
36.061,1,0,0.0,0.0,-0.023,0.137,0.9768,0.0133,0.0,2,0,0,100
36.077,1,0,0.0,0.0,0.014,-0.152,0.9768,0.0154,0.0,-2,0,0,100
36.108,1,0,0.0,0.0,-0.086,0.138,0.9768,0.0182,0.0,2,0,0,100
36.14,1,0,0.0,0.0,-0.052,0.148,0.9768,0.0198,0.0,2,0,0,100
36.171,1,0,0.0,0.0,-0.062,-0.135,0.9768,0.021,0.0,-2,0,0,100
36.187,1,0,0.0,0.0,-0.026,0.173,0.9768,0.0213,0.0,2,0,0,100
36.204,1,0,0.0,0.01,-0.062,0.153,0.9768,0.0211,0.0,2,0,0,100
36.235,1,0,0.0,0.0,-0.002,0.117,0.9768,0.0211,0.0,2,0,0,100
36.266,1,0,0.0,0.01,0.046,0.139,0.9768,0.0215,0.0,2,0,0,100
36.298,1,0,0.0,0.0,-0.044,-0.136,0.9768,0.0217,0.0,-2,0,0,100
36.329,1,0,0.0,0.0,0.024,-0.134,0.9768,0.0216,0.0,-2,0,0,100
36.345,1,0,0.0,0.0,-0.034,-0.14,0.9768,0.0214,0.0,-2,0,0,100
36.376,1,0,0.0,0.0,-0.025,-0.133,0.9768,0.0215,0.0,-2,0,0,100
36.407,1,0,0.0,0.0,-0.017,-0.145,0.9768,0.0205,0.0,-2,0,0,100
36.438,1,0,0.0,0.0,0.007,0.14,0.9768,0.0207,0.0,2,0,0,100
36.47,1,0,0.0,0.0,0.009,0.163,0.9768,0.0194,0.0,2,0,0,100
36.501,1,0,0.0,0.0,-0.006,-0.116,0.9768,0.0221,0.0,-2,0,0,100
36.517,1,0,0.0,0.0,0.062,0.157,0.9768,0.0235,0.0,2,0,0,100
36.533,1,0,0.0,0.0,0.003,0.135,0.9768,0.0282,0.0,2,0,0,100
36.55,1,0,0.0,0.0,-0.008,-0.157,0.9768,0.036,0.0,-2,0,0,100
36.58,1,0,0.0,0.0,-0.014,-0.141,0.9768,0.0638,0.0,-2,0,0,100
36.596,1,0,0.0,0.0,0.011,0.162,0.9768,0.0817,0.0,2,0,0,100
36.626,1,0,0.0,0.01,0.009,0.144,0.9768,0.1201,0.0,2,0,0,100
36.656,1,0,0.0,0.01,0.043,0.154,0.9768,0.1654,0.0,2,0,0,100
36.688,1,0,0.0,0.0,0.037,-0.141,0.9768,0.2322,0.0,-2,0,0,100
36.718,1,0,0.0,0.01,-0.015,-0.125,0.9768,0.2976,0.0,-2,0,0,100
36.749,1,0,0.0,0.02,0.025,0.0,0.9768,0.3517,0.0,-2,0,0,100
36.765,1,0,0.0,0.1,0.019,0.649,0.9768,0.3791,0.0,-2,-1,-1,100
36.781,1,0,0.0,0.2,-0.002,0.846,0.9768,0.4005,0.0,3,-1,-1,100
36.797,1,0,0.0,0.3,-0.027,0.855,0.9768,0.4244,0.0,3,-1,-1,100
36.814,1,0,0.0,0.38,0.059,0.223,0.9768,0.4431,0.0,-1,1,1,100
36.845,1,0,0.0,0.58,-0.046,0.7,0.9768,0.4778,0.0,0,0,0,100
36.876,1,0,0.0,0.78,-0.049,0.729,0.9768,0.5104,0.0,1,0,0,100
36.907,1,0,0.0,0.8,-0.07,0.279,0.9768,0.5355,0.0,2,1,1,100
36.937,1,0,0.0,0.82,-0.087,0.045,0.9768,0.5583,0.0,-1,3,3,100
36.967,1,0,0.0,0.83,-0.281,0.217,0.9768,0.5795,0.0,5,2,2,100
36.984,1,0,0.0,0.84,0.158,-0.088,0.9768,0.5914,0.0,6,3,3,100
37.015,1,0,0.0,0.87,-0.021,0.003,0.9768,0.6094,0.0,3,3,3,100
37.046,1,0,0.0,0.92,0.136,0.269,0.9768,0.6249,0.0,0,2,2,100
37.077,1,0,0.0,0.98,-0.166,0.181,0.9767,0.6393,0.0,2,2,2,100
37.093,1,0,0.0,1.01,0.085,0.139,0.9767,0.645,0.0,7,3,3,100
37.124,1,0,0.0,1.07,-0.02,0.072,0.9767,0.655,0.0,3,3,3,100
37.155,1,0,0.0,1.12,0.061,0.126,0.9767,0.6633,0.0,-1,3,3,100
37.171,1,0,0.0,1.12,-0.001,0.016,0.9767,0.6661,0.0,0,3,3,100
37.187,1,0,0.0,1.12,-0.069,0.034,0.9767,0.6686,0.0,1,3,3,100
37.218,1,0,0.0,1.13,0.027,-0.114,0.9767,0.6727,0.0,5,3,3,100
37.248,1,0,0.0,1.16,0.03,0.107,0.9767,0.6756,0.0,3,3,3,100
37.279,1,0,0.0,1.18,-0.077,0.244,0.9767,0.6781,0.0,3,3,3,100
37.31,1,0,0.0,1.21,0.017,0.0,0.9767,0.6802,0.0,2,3,3,100
37.341,1,0,0.0,1.25,0.005,0.157,0.9767,0.6817,0.0,8,3,3,100
37.373,1,0,0.0,1.27,-0.037,0.176,0.9767,0.683,0.0,0,3,3,100
37.389,1,0,0.0,1.28,-0.001,0.046,0.9767,0.6837,0.0,0,4,4,100
37.42,1,0,0.0,1.29,0.045,0.281,0.9767,0.6847,0.0,1,3,3,100
37.451,1,0,0.0,1.31,-0.043,-0.023,0.9767,0.6856,0.0,7,4,4,100
37.468,1,0,0.0,1.31,-0.021,-0.145,0.9767,0.686,0.0,7,4,4,100
37.498,1,0,0.0,1.32,0.02,0.095,0.9767,0.6867,0.0,8,4,4,100
37.514,1,0,0.0,1.33,0.014,-0.076,0.9767,0.688,0.0,8,4,4,100
37.547,1,0,0.0,1.34,-0.019,0.075,0.9767,0.6892,0.0,8,4,4,100
37.563,1,0,0.0,1.35,-0.015,-0.036,0.9767,0.6882,0.0,7,4,4,100
37.593,1,0,0.0,1.34,0.026,-0.011,0.9767,0.6896,0.0,2,4,4,100
37.625,1,0,0.0,1.33,0.008,-0.056,0.9767,0.6901,0.0,0,4,4,100
37.656,1,0,0.0,1.32,-0.031,0.006,0.9767,0.6912,0.0,7,4,4,100
37.673,1,0,0.0,1.33,-0.002,0.123,0.9767,0.6917,0.0,0,4,4,100
37.704,1,0,0.0,1.33,0.004,0.099,0.9767,0.6928,0.0,4,4,4,100
37.735,1,0,0.0,1.33,0.003,-0.022,0.9767,0.6937,0.0,1,4,4,100
37.767,1,0,0.0,1.33,0.016,-0.095,0.9766,0.6941,0.0,0,4,4,100
37.783,1,0,0.0,1.34,0.002,0.176,0.9766,0.6948,0.0,0,4,4,100
37.813,1,0,0.0,1.37,-0.008,0.343,0.9766,0.6952,0.0,0,4,4,100
37.843,1,0,0.0,1.37,0.011,-0.098,0.9766,0.6959,0.0,5,4,4,100
37.875,1,0,0.0,1.38,-0.024,-0.04,0.9766,0.6962,0.0,7,4,4,100
37.891,1,0,0.0,1.39,0.025,-0.111,0.9766,0.696,0.0,0,4,4,100
37.922,1,0,0.0,1.37,0.004,-0.087,0.9766,0.6967,0.0,8,4,4,100
37.953,1,0,0.0,1.37,0.001,0.133,0.9766,0.6973,0.0,0,4,4,100
37.985,1,0,0.0,1.38,0.033,-0.036,0.9766,0.6976,0.0,5,4,4,100
38.017,1,0,0.0,1.39,-0.052,0.082,0.9766,0.6971,0.0,0,4,4,100
38.047,1,0,0.0,1.38,-0.013,-0.117,0.9766,0.6976,0.0,8,4,4,100
38.078,1,0,0.0,1.37,0.026,-0.106,0.9766,0.6974,0.0,7,4,4,100
38.109,1,0,0.0,1.37,0.012,0.058,0.9766,0.6973,0.0,0,4,4,100
38.125,1,0,0.0,1.36,-0.028,-0.003,0.9766,0.6974,0.0,7,4,4,100
38.156,1,0,0.0,1.35,-0.031,0.046,0.9766,0.6977,0.0,5,4,4,100
38.187,1,0,0.0,1.34,0.012,0.084,0.9766,0.6974,0.0,1,4,4,100
38.203,1,0,0.0,1.33,0.028,-0.091,0.9766,0.6972,0.0,6,4,4,100
38.22,1,0,0.0,1.34,0.035,-0.076,0.9766,0.6977,0.0,5,4,4,100
38.236,1,0,0.0,1.35,-0.006,-0.104,0.9766,0.6974,0.0,7,4,4,100
38.266,1,0,0.0,1.37,-0.019,0.252,0.9766,0.698,0.0,2,4,4,100
38.297,1,0,0.0,1.38,-0.005,-0.063,0.9766,0.6977,0.0,0,4,4,100
38.313,1,0,0.0,1.38,0.005,0.03,0.9766,0.6976,0.0,2,4,4,100
38.329,1,0,0.0,1.39,-0.01,0.03,0.9766,0.6978,0.0,8,4,4,100
38.346,1,0,0.0,1.4,-0.003,0.012,0.9766,0.6977,0.0,8,4,4,100
38.377,1,0,0.0,1.4,0.017,0.004,0.9765,0.6976,0.0,3,4,4,100
38.394,1,0,0.0,1.41,0.005,-0.088,0.9765,0.6984,0.0,6,4,4,100
38.425,1,0,0.0,1.44,-0.01,0.202,0.9765,0.6984,0.0,0,4,4,100
38.456,1,0,0.0,1.44,0.004,-0.112,0.9765,0.6984,0.0,0,4,4,100
38.486,1,0,0.0,1.43,0.015,-0.127,0.9765,0.699,0.0,0,4,4,100
38.518,1,0,0.0,1.42,-0.001,-0.118,0.9765,0.6987,0.0,0,4,4,100
38.535,1,0,0.0,1.41,-0.005,-0.166,0.9765,0.6991,0.0,7,4,4,100
38.565,1,0,0.0,1.41,0.034,0.103,0.9765,0.6998,0.0,1,4,4,100
38.596,1,0,0.0,1.44,-0.015,-0.018,0.9765,0.6998,0.0,8,4,4,100
38.627,1,0,0.0,1.45,-0.011,0.137,0.9765,0.7005,0.0,4,4,4,100
38.643,1,0,0.0,1.45,-0.003,-0.114,0.9765,0.7007,0.0,8,4,4,100
38.673,1,0,0.0,1.44,0.003,-0.09,0.9765,0.7003,0.0,7,4,4,100
38.705,1,0,0.0,1.43,-0.013,-0.137,0.9765,0.7011,0.0,7,4,4,100
38.721,1,0,0.0,1.43,-0.002,-0.063,0.9765,0.7013,0.0,1,4,4,100
38.751,1,0,0.0,1.42,0.034,0.046,0.9765,0.7021,0.0,2,4,4,100
38.783,1,0,0.0,1.4,-0.024,0.051,0.9765,0.702,0.0,3,4,4,100
38.815,1,0,0.0,1.38,0.002,-0.048,0.9765,0.7027,0.0,6,4,4,100
38.846,1,0,0.0,1.37,-0.023,-0.01,0.9765,0.7034,0.0,8,4,4,100
38.876,1,0,0.0,1.36,-0.007,-0.088,0.9765,0.7031,0.0,7,4,4,100
38.907,1,0,0.0,1.36,-0.013,0.043,0.9765,0.7039,0.0,5,4,4,100
38.938,1,0,0.0,1.37,-0.006,0.078,0.9765,0.7045,0.0,2,4,4,100
38.97,1,0,0.0,1.37,0.017,-0.106,0.9764,0.7041,0.0,8,4,4,100
39.0,1,0,0.0,1.39,0.002,0.185,0.9764,0.7051,0.0,0,4,4,100
39.017,1,0,0.0,1.39,-0.031,0.183,0.9764,0.7045,0.0,2,4,4,100
39.049,1,0,0.0,1.41,0.014,0.014,0.9764,0.7043,0.0,0,4,4,100
39.078,1,0,0.0,1.41,-0.015,0.044,0.9764,0.7053,0.0,0,4,4,100
39.095,1,0,0.0,1.4,-0.019,-0.1,0.9764,0.705,0.0,7,4,4,100
39.125,1,0,0.0,1.43,0.006,0.06,0.9764,0.7052,0.0,7,4,4,100
39.157,1,0,0.0,1.42,-0.029,-0.028,0.9764,0.705,0.0,8,4,4,100
39.187,1,0,0.0,1.42,-0.015,-0.081,0.9764,0.7058,0.0,0,4,4,100
39.217,1,0,0.0,1.41,0.032,-0.056,0.9764,0.705,0.0,0,4,4,100
39.248,1,0,0.0,1.4,-0.003,-0.014,0.9764,0.7057,0.0,1,4,4,100
39.279,1,0,0.0,1.38,0.005,0.067,0.9764,0.7064,0.0,1,4,4,100
39.295,1,0,0.0,1.37,0.015,-0.075,0.9764,0.7059,0.0,8,4,4,100
39.326,1,0,0.0,1.37,0.008,-0.025,0.9764,0.7066,0.0,4,4,4,100
39.357,1,0,0.0,1.37,0.013,-0.131,0.9764,0.7074,0.0,7,4,4,100
39.373,1,0,0.0,1.37,0.024,-0.099,0.9764,0.7069,0.0,0,4,4,100
39.404,1,0,0.0,1.36,-0.025,-0.119,0.9764,0.7069,0.0,7,4,4,100
39.436,1,0,0.0,1.37,0.041,0.109,0.9764,0.7074,0.0,1,4,4,100
39.468,1,0,0.0,1.38,0.01,-0.1,0.9764,0.7076,0.0,7,4,4,100
39.499,1,0,0.0,1.41,-0.034,-0.015,0.9764,0.7073,0.0,0,4,4,100
39.516,1,0,0.0,1.42,-0.002,0.243,0.9764,0.7077,0.0,0,4,4,100
39.547,1,0,0.0,1.43,0.018,-0.104,0.9764,0.7079,0.0,0,4,4,100
39.579,1,0,0.0,1.43,0.0,-0.058,0.9763,0.7086,0.0,7,4,4,100
39.608,1,0,0.0,1.43,-0.016,-0.075,0.9763,0.7084,0.0,7,4,4,100
39.625,1,0,0.0,1.42,-0.017,-0.076,0.9763,0.7084,0.0,0,4,4,100
39.657,1,0,0.0,1.41,0.017,-0.03,0.9763,0.7089,0.0,1,4,4,100
39.687,1,0,0.0,1.4,0.02,0.004,0.9763,0.7084,0.0,2,4,4,100
39.704,1,0,0.0,1.39,0.002,-0.082,0.9763,0.7092,0.0,0,4,4,100
39.72,1,0,0.0,1.37,0.023,-0.004,0.9763,0.7088,0.0,4,4,4,100
39.75,1,0,0.0,1.36,0.011,-0.123,0.9763,0.7093,0.0,7,4,4,100
39.781,1,0,0.0,1.34,0.002,-0.103,0.9763,0.7084,0.0,5,4,4,100
39.797,1,0,0.0,1.35,-0.029,0.043,0.9763,0.709,0.0,8,4,4,100
39.828,1,0,0.0,1.35,-0.023,-0.05,0.9763,0.7088,0.0,6,4,4,100
39.859,1,0,0.0,1.37,0.015,-0.08,0.9763,0.7093,0.0,8,4,4,100
39.876,1,0,0.0,1.39,0.014,-0.036,0.9763,0.7096,0.0,0,4,4,100
39.907,1,0,0.0,1.39,-0.006,-0.078,0.9763,0.709,0.0,8,4,4,100
39.938,1,0,0.0,1.38,-0.025,-0.07,0.9763,0.7098,0.0,8,4,4,100
39.955,1,0,0.0,1.39,0.017,0.041,0.9763,0.7089,0.0,2,4,4,100
39.987,1,0,0.0,1.41,0.023,0.282,0.9763,0.7089,0.0,0,4,4,100
40.004,1,0,0.0,1.4,0.004,-0.062,0.9763,0.7095,0.0,8,4,4,100
40.035,1,0,0.0,1.4,-0.028,-0.059,0.9763,0.7099,0.0,8,4,4,100
40.066,1,0,0.0,1.4,-0.027,0.014,0.9763,0.7097,0.0,0,4,4,100
40.096,1,0,0.0,1.4,0.016,-0.091,0.9763,0.7102,0.0,6,4,4,100
40.113,1,0,0.0,1.41,0.014,-0.139,0.9763,0.7103,0.0,0,4,4,100
40.145,1,0,0.0,1.43,-0.004,0.379,0.9763,0.7099,0.0,0,4,4,100
40.161,1,0,0.0,1.43,-0.024,0.188,0.9762,0.7107,0.0,8,4,4,100
40.178,1,0,0.0,1.43,0.007,0.24,0.9762,0.7103,0.0,2,4,4,100
40.194,1,0,0.0,1.44,-0.015,0.075,0.9762,0.7103,0.0,8,4,4,100
40.225,1,0,0.0,1.45,-0.013,-0.006,0.9762,0.7104,0.0,8,4,4,100
40.255,1,0,0.0,1.44,0.002,-0.115,0.9762,0.7102,0.0,1,4,4,100
40.286,1,0,0.0,1.43,-0.004,-0.023,0.9762,0.7101,0.0,4,4,4,100
40.316,1,0,0.0,1.4,-0.005,-0.082,0.9762,0.7106,0.0,7,4,4,100
40.346,1,0,0.0,1.39,0.017,-0.063,0.9762,0.7107,0.0,8,4,4,100
40.377,1,0,0.0,1.39,0.013,-0.076,0.9762,0.71,0.0,5,4,4,100
40.406,1,0,0.0,1.39,-0.008,-0.053,0.9762,0.7101,0.0,6,4,4,100
40.423,1,0,0.0,1.38,0.005,-0.108,0.9762,0.71,0.0,0,4,4,100
40.454,1,0,0.0,1.37,0.012,-0.101,0.9762,0.7106,0.0,0,4,4,100
40.485,1,0,0.0,1.37,0.004,-0.094,0.9762,0.7096,0.0,8,4,4,100
40.517,1,0,0.0,1.36,0.005,-0.112,0.9762,0.7093,0.0,0,4,4,100
40.533,1,0,0.0,1.36,0.013,-0.036,0.9762,0.7098,0.0,3,4,4,100
40.564,1,0,0.0,1.35,0.015,-0.07,0.9762,0.7091,0.0,5,4,4,100
40.595,1,0,0.0,1.35,0.012,0.045,0.9762,0.7074,0.0,3,4,4,100
40.627,1,0,0.0,1.38,-0.007,-0.099,0.9762,0.7037,0.0,8,4,4,100
40.643,1,0,0.0,1.39,-0.026,0.314,0.9762,0.7024,0.0,0,4,4,100
40.659,1,0,0.0,1.38,-0.016,0.024,0.9762,0.6993,0.0,5,4,4,100
40.676,1,0,0.0,1.39,0.009,-0.154,0.9762,0.6952,0.0,0,4,4,100
40.707,1,0,0.0,1.37,0.009,-0.152,0.9762,0.678,0.0,8,4,4,100
40.723,1,0,0.0,1.36,0.01,-0.031,0.9762,0.6655,0.0,0,4,4,100
40.74,1,0,0.0,1.35,-0.015,0.187,0.9762,0.6463,0.0,0,4,4,100
40.756,1,0,0.0,1.34,-0.014,0.164,0.9761,0.6267,0.0,2,4,4,100
40.787,1,0,0.0,1.31,-0.025,-0.122,0.9761,0.5761,0.0,7,3,3,100
40.803,1,0,0.0,1.27,-0.021,-0.173,0.9761,0.5384,0.0,7,3,3,100
40.82,1,0,0.0,1.23,0.0,-0.293,0.9761,0.5043,0.0,8,3,3,100
40.85,1,0,0.0,1.14,-0.012,-0.529,0.9761,0.4289,0.0,4,3,3,100
