Time,RPM,Gear,Speed_KPH,Gas_Input,Lat_G,Long_G,Pitch,Roll,FL_Load,FR_Load,RL_Load,RR_Load,FL_Slip,FR_Slip,RL_Slip,RR_Slip
0.0,1123,1,0.6,0.0,0.001,0.043,0.004,-0.0,4987,4984,4809,4793,0.02,0.02,0.04,0.04
0.03,1130,1,0.6,0.02,-0.008,-0.074,0.004,-0.0,4985,4990,4846,4837,0.02,0.01,0.03,0.02
0.061,1134,1,0.6,0.02,0.03,0.077,0.004,-0.0,4990,4984,4846,4856,0.01,0.03,0.02,0.02
0.092,1129,1,0.7,0.02,0.026,-0.007,0.004,-0.0,4973,4978,4854,4858,0.01,0.02,0.02,0.02
0.123,1130,1,0.7,0.02,-0.023,-0.063,0.004,-0.0,4967,4987,4817,4839,0.03,0.01,0.03,0.02
0.154,1133,1,0.7,0.02,0.008,0.059,0.004,-0.0,4969,4986,4840,4853,0.01,0.03,0.02,0.02
0.17,1135,1,0.7,0.02,-0.042,0.062,0.004,-0.0,4969,4987,4834,4844,0.03,0.01,0.02,0.02
0.202,1131,1,0.7,0.02,-0.019,-0.034,0.004,-0.0,4973,4987,4770,4781,0.02,0.02,0.03,0.03
0.218,1125,1,0.7,0.0,-0.027,-0.091,0.004,-0.0,4979,4985,4802,4815,0.04,0.01,0.02,0.02
0.235,1119,1,0.7,0.0,0.005,-0.097,0.004,-0.0,4986,4982,4803,4812,0.02,0.04,0.04,0.04
0.267,1123,1,0.7,0.0,-0.07,0.083,0.004,-0.0,4992,4988,4803,4836,0.04,0.01,0.02,0.01
0.297,1119,1,0.7,0.0,-0.001,0.088,0.004,-0.0,4990,4990,4824,4782,0.03,0.02,0.03,0.05
0.314,1121,1,0.7,0.02,-0.02,-0.044,0.004,-0.0,4999,4987,4822,4829,0.03,0.02,0.03,0.01
0.345,1115,1,0.8,0.0,-0.043,0.028,0.004,-0.0,4987,4993,4848,4840,0.03,0.01,0.02,0.01
0.376,1114,1,0.8,0.0,0.035,0.021,0.004,-0.0,4989,4990,4835,4831,0.02,0.04,0.02,0.02
0.392,1113,1,0.8,0.0,-0.007,0.037,0.004,-0.0,4990,4994,4834,4822,0.04,0.01,0.02,0.03
0.408,1116,1,0.8,0.0,0.015,0.006,0.004,-0.0,4999,4984,4817,4826,0.02,0.04,0.02,0.02
0.44,1120,1,0.8,0.0,0.03,-0.031,0.004,-0.0,4991,4994,4814,4813,0.03,0.03,0.02,0.03
0.457,1118,1,0.8,0.02,-0.01,-0.018,0.004,-0.0,4995,4995,4827,4826,0.03,0.03,0.02,0.03
0.473,1123,1,0.8,0.02,0.034,0.073,0.004,-0.0,4992,5000,4818,4810,0.02,0.03,0.01,0.02
0.504,1119,1,0.8,0.0,-0.007,-0.025,0.004,-0.0,4998,4994,4785,4814,0.03,0.03,0.03,0.02
0.535,1128,1,0.8,0.02,-0.013,-0.037,0.004,-0.0,4987,5002,4803,4808,0.04,0.03,0.02,0.02
0.567,1117,1,0.8,0.0,0.035,0.045,0.004,-0.0,4983,4998,4820,4828,0.02,0.03,0.02,0.01
0.598,1118,1,0.8,0.0,-0.02,0.06,0.004,-0.0,4986,4984,4780,4817,0.03,0.02,0.02,0.03
0.629,1121,1,0.8,0.0,0.022,-0.075,0.004,-0.0,4989,4993,4795,4812,0.03,0.02,0.02,0.02
0.645,1127,1,0.8,0.02,-0.004,-0.032,0.004,-0.0,4993,4992,4824,4823,0.03,0.03,0.02,0.02
0.676,1118,1,0.8,0.0,-0.021,0.035,0.004,-0.0,4998,4995,4821,4833,0.04,0.02,0.03,0.03
0.692,1124,1,0.8,0.02,0.022,0.136,0.004,-0.0,5004,4992,4808,4820,0.03,0.04,0.02,0.04
0.724,1126,1,0.8,0.0,0.016,0.022,0.004,-0.0,5002,4994,4771,4808,0.04,0.03,0.05,0.04
0.754,1119,1,0.8,0.0,-0.04,-0.092,0.004,-0.0,5005,4995,4833,4836,0.04,0.03,0.06,0.05
0.785,1117,1,0.8,0.0,-0.051,0.109,0.004,-0.0,5008,4997,4817,4839,0.05,0.02,0.03,0.02
0.817,1120,1,0.8,0.02,0.006,0.009,0.004,0.0,5002,4994,4832,4779,0.03,0.03,0.03,0.03
0.847,1121,1,0.8,0.02,0.001,-0.049,0.004,0.0,4999,4993,4827,4806,0.02,0.02,0.03,0.04
0.877,1124,1,0.8,0.02,0.01,0.126,0.004,-0.0,5001,4999,4813,4789,0.02,0.04,0.04,0.03
0.893,1118,1,0.8,0.0,0.025,0.048,0.004,-0.0,4996,5002,4815,4796,0.03,0.03,0.03,0.04
0.91,1120,1,0.8,0.02,-0.017,0.032,0.004,-0.0,4997,4997,4812,4792,0.02,0.03,0.04,0.04
0.94,1123,1,0.8,0.0,-0.025,-0.06,0.004,-0.0,4989,5008,4824,4827,0.04,0.02,0.02,0.03
0.956,1123,1,0.8,0.02,0.018,-0.03,0.004,-0.0,4994,4995,4806,4840,0.01,0.04,0.03,0.04
0.988,1121,1,0.9,0.0,-0.008,0.084,0.004,-0.0,4983,5010,4802,4834,0.03,0.03,0.03,0.02
1.018,1127,1,0.8,0.02,-0.013,-0.06,0.004,-0.0,4987,5009,4758,4781,0.04,0.03,0.03,0.03
1.049,1131,1,0.9,0.02,-0.003,-0.038,0.004,-0.0,4994,5002,4810,4820,0.03,0.04,0.06,0.04
1.065,1129,1,0.9,0.02,-0.021,-0.021,0.004,-0.0,5000,5000,4810,4833,0.04,0.03,0.04,0.03
1.096,1123,1,0.9,0.0,-0.001,0.117,0.004,-0.0,4997,4991,4783,4810,0.03,0.03,0.04,0.03
1.112,1122,1,0.9,0.0,0.036,0.05,0.004,-0.0,5001,4989,4778,4791,0.03,0.04,0.05,0.05
1.142,1121,1,0.9,0.0,0.035,-0.068,0.004,0.0,5008,4981,4845,4850,0.03,0.03,0.04,0.04
1.158,1123,1,0.9,0.02,0.001,-0.027,0.004,0.0,5006,4983,4858,4840,0.03,0.03,0.03,0.03
1.189,1120,1,0.9,0.02,-0.008,0.074,0.004,0.0,5000,4983,4834,4809,0.03,0.03,0.04,0.04
1.221,1114,1,0.9,0.0,0.04,-0.136,0.004,0.0,5005,4982,4826,4819,0.02,0.04,0.03,0.05
1.252,1120,1,0.9,0.0,0.011,-0.03,0.004,0.0,5006,4989,4830,4834,0.04,0.03,0.05,0.05
1.269,1129,1,0.9,0.02,0.04,0.107,0.004,0.0,5002,4998,4840,4802,0.01,0.06,0.02,0.03
1.285,1120,1,0.9,0.0,-0.047,0.11,0.004,-0.0,4992,5008,4819,4816,0.05,0.02,0.02,0.01
1.317,1122,1,0.9,0.02,-0.004,0.058,0.004,-0.0,4994,5019,4755,4766,0.03,0.03,0.05,0.04
1.334,1115,1,0.9,0.0,-0.021,-0.089,0.004,-0.0,4995,5012,4736,4787,0.05,0.02,0.03,0.03
1.364,1109,1,0.9,0.0,0.01,-0.054,0.004,-0.0,4992,5019,4787,4813,0.03,0.03,0.04,0.04
1.394,1108,1,0.9,0.0,0.001,0.105,0.004,-0.0,5015,4999,4752,4828,0.03,0.03,0.04,0.03
1.411,1105,1,0.9,0.0,0.034,0.062,0.004,-0.0,5001,5016,4792,4779,0.03,0.04,0.03,0.03
1.427,1108,1,0.8,0.0,-0.028,-0.042,0.004,-0.0,5006,5023,4805,4795,0.04,0.02,0.02,0.02
1.458,1106,1,0.9,0.0,0.018,-0.032,0.004,-0.0,5009,5016,4820,4821,0.03,0.04,0.01,0.02
1.475,1105,1,0.9,0.0,-0.013,0.011,0.004,-0.0,5016,5016,4833,4814,0.05,0.02,0.01,0.02
1.507,1106,1,0.9,0.0,0.055,0.038,0.004,-0.0,5011,5006,4813,4806,0.03,0.04,0.02,0.02
1.537,1103,1,0.8,0.0,0.008,-0.052,0.004,-0.0,5019,5006,4800,4802,0.03,0.03,0.03,0.02
1.554,1100,1,0.8,0.0,-0.013,-0.067,0.004,-0.0,5010,5004,4816,4798,0.03,0.03,0.03,0.03
1.57,1102,1,0.8,0.02,-0.031,-0.061,0.004,-0.0,5008,5006,4821,4803,0.04,0.03,0.02,0.02
1.601,1098,1,0.0,0.0,0.0,0.0,0.004,-0.0,4994,4990,4875,4860,0.05,0.06,0.02,0.04
1.617,1116,1,0.0,0.02,-0.01,-0.004,0.004,0.0,5011,5006,4780,4745,0.03,0.03,0.06,0.06
1.647,1120,1,0.0,0.0,-0.009,0.049,0.004,-0.0,4992,4986,4823,4810,0.03,0.03,0.02,0.02
1.678,1118,1,0.0,0.0,-0.003,0.019,0.004,-0.0,4962,4962,4803,4800,0.01,0.01,0.01,0.02
1.694,1113,1,0.0,0.0,0.014,-0.009,0.004,-0.0,4975,4982,4805,4812,0.02,0.02,0.02,0.01
1.711,1110,1,0.0,0.0,-0.004,-0.068,0.004,-0.0,4978,4981,4790,4812,0.01,0.01,0.01,0.02
1.727,1110,1,0.0,0.0,-0.005,0.036,0.004,-0.0,4973,4975,4801,4831,0.01,0.01,0.01,0.01
1.758,1106,1,0.1,0.0,0.008,-0.01,0.004,-0.0,4980,4991,4832,4819,0.01,0.01,0.02,0.01
1.789,1110,1,0.1,0.0,-0.007,-0.029,0.004,-0.0,4996,4991,4834,4838,0.01,0.01,0.02,0.03
1.82,1105,1,0.1,0.0,-0.0,0.019,0.004,-0.0,4995,4999,4823,4828,0.01,0.0,0.02,0.02
1.851,1105,1,0.1,0.0,-0.032,-0.007,0.004,-0.0,4988,5002,4811,4819,0.02,0.0,0.02,0.02
1.882,1103,1,0.1,0.0,0.037,0.015,0.004,-0.0,5000,5001,4812,4803,0.0,0.01,0.01,0.02
1.914,1108,1,0.1,0.02,0.03,-0.024,0.004,-0.0,5007,5003,4791,4795,0.01,0.01,0.01,0.02
1.93,1112,1,0.1,0.0,-0.031,-0.016,0.004,-0.0,5006,5005,4788,4767,0.01,0.01,0.01,0.0
1.946,1108,1,0.1,0.0,-0.007,-0.021,0.004,-0.0,4998,5008,4771,4788,0.0,0.0,0.02,0.0
1.977,1109,1,0.1,0.0,0.014,0.016,0.004,-0.0,5011,5008,4817,4795,0.0,0.02,0.02,0.02
2.007,1108,1,0.1,0.0,0.029,-0.02,0.004,-0.0,5017,5006,4800,4795,0.0,0.01,0.0,0.02
2.038,1108,1,0.1,0.0,-0.001,-0.003,0.004,-0.0,5009,5016,4802,4821,0.01,0.01,0.02,0.01
2.069,1104,1,0.1,0.0,0.034,-0.01,0.004,-0.0,5010,5009,4819,4831,0.0,0.01,0.01,0.01
2.099,1109,1,0.1,0.02,0.027,-0.004,0.004,-0.0,5011,5000,4793,4842,0.0,0.0,0.02,0.02
2.115,1111,1,0.1,0.0,0.025,0.038,0.004,-0.0,5005,5003,4825,4831,0.0,0.01,0.01,0.03
2.132,1110,1,0.1,0.0,-0.029,0.007,0.004,-0.0,5006,5002,4824,4830,0.0,0.0,0.02,0.0
2.148,1107,1,0.1,0.0,0.023,0.024,0.004,-0.0,5005,4996,4824,4811,0.0,0.01,0.01,0.01
2.179,1112,1,0.1,0.0,0.017,0.001,0.004,-0.0,5003,4995,4806,4808,0.0,0.01,0.01,0.01
2.209,1112,1,0.1,0.0,0.001,-0.003,0.004,-0.0,4992,4993,4805,4815,0.0,0.01,0.01,0.01
2.241,1120,1,0.1,0.02,-0.014,0.012,0.004,-0.0,4990,4989,4795,4804,0.0,0.01,0.01,0.01
2.257,1116,1,0.1,0.0,0.03,0.003,0.004,-0.0,4988,4987,4807,4824,0.01,0.0,0.01,0.01
2.274,1119,1,0.1,0.02,0.018,0.044,0.004,-0.0,4984,4987,4812,4821,0.0,0.01,0.01,0.02
2.304,1117,1,0.1,0.02,0.008,0.006,0.004,-0.0,4985,4987,4819,4808,0.0,0.01,0.01,0.02
2.32,1112,1,0.1,0.0,-0.025,-0.004,0.004,-0.0,4991,4983,4826,4823,0.01,0.0,0.01,0.01
2.337,1109,1,0.1,0.0,0.018,-0.003,0.004,-0.0,4998,4989,4819,4811,0.0,0.01,0.01,0.02
2.368,1105,1,0.1,0.0,-0.012,0.006,0.004,-0.0,4998,4992,4827,4793,0.0,0.0,0.01,0.01
2.399,1103,1,0.1,0.0,-0.009,-0.029,0.004,-0.0,5000,4996,4811,4811,0.0,0.01,0.02,0.01
2.415,1100,1,0.1,0.0,-0.001,0.012,0.004,-0.0,5000,5002,4814,4813,0.0,0.01,0.02,0.02
2.446,1096,1,0.1,0.0,0.015,-0.011,0.004,-0.0,5006,5000,4806,4814,0.0,0.01,0.01,0.02
2.476,1098,1,0.0,0.0,0.0,0.0,0.004,-0.0,5001,5001,4823,4814,0.01,0.0,0.02,0.01
2.492,1096,1,0.0,0.0,0.0,0.0,0.004,-0.0,4998,5004,4809,4811,0.01,0.0,0.01,0.01
2.522,1092,1,0.0,0.0,0.0,0.0,0.004,-0.0,4992,5002,4815,4809,0.01,0.0,0.02,0.01
2.552,1088,1,0.0,0.0,0.0,0.0,0.004,-0.0,4985,5000,4828,4829,0.01,0.01,0.01,0.02
2.568,1086,1,0.0,0.0,0.0,0.0,0.004,-0.0,4986,4995,4820,4842,0.01,0.0,0.01,0.03
2.599,1083,1,0.0,0.0,0.0,0.0,0.004,-0.0,4987,4995,4817,4826,0.01,0.0,0.01,0.01
2.63,1079,1,0.0,0.0,0.0,0.0,0.004,-0.0,4984,4996,4807,4830,0.01,0.0,0.01,0.01
2.646,1077,1,0.0,0.0,0.0,0.0,0.004,-0.0,4987,4996,4806,4830,0.0,0.0,0.01,0.02
2.677,1074,1,0.0,0.0,0.0,0.0,0.004,-0.0,4987,5000,4800,4828,0.01,0.0,0.01,0.02
2.707,1070,1,0.0,0.0,0.0,0.0,0.004,-0.0,4985,4998,4818,4829,0.01,0.01,0.01,0.01
2.738,1067,1,0.0,0.0,0.0,0.0,0.004,-0.0,4980,4997,4818,4833,0.01,0.01,0.02,0.02
2.769,1063,1,0.0,0.0,0.0,0.0,0.004,-0.0,4987,4999,4832,4838,0.0,0.0,0.01,0.01
2.799,1060,1,0.0,0.0,0.0,0.0,0.004,-0.0,4992,5003,4823,4836,0.0,0.0,0.02,0.02
2.83,1057,1,0.0,0.0,0.0,0.0,0.004,-0.0,4993,5006,4818,4838,0.0,0.0,0.02,0.02
2.847,1060,1,0.0,0.0,0.0,0.0,0.004,-0.0,4994,5007,4818,4844,0.0,0.01,0.01,0.02
2.878,1057,1,0.0,0.0,0.0,0.0,0.004,-0.0,4997,5008,4813,4833,0.0,0.01,0.01,0.01
2.908,1054,1,0.0,0.0,0.0,0.0,0.004,-0.0,4993,5009,4815,4824,0.0,0.0,0.01,0.02
2.938,1051,1,0.0,0.0,0.0,0.0,0.004,-0.0,4994,5005,4808,4826,0.0,0.0,0.02,0.01
2.969,1058,1,0.0,0.0,0.0,0.0,0.004,-0.0,4995,5005,4810,4825,0.0,0.0,0.02,0.01
2.985,1060,1,0.0,0.0,0.0,0.0,0.004,-0.0,4995,5006,4820,4833,0.0,0.0,0.01,0.01
3.017,1061,1,0.0,0.0,0.0,0.0,0.004,-0.0,4993,5009,4820,4835,0.0,0.01,0.02,0.02
3.049,1057,1,0.0,0.0,0.0,0.0,0.004,-0.0,4990,4999,4822,4840,0.0,0.01,0.02,0.02
3.065,1056,1,0.0,0.0,0.0,0.0,0.004,-0.0,4991,4997,4828,4850,0.0,0.01,0.02,0.02
3.081,1054,1,0.0,0.0,0.0,0.0,0.004,-0.0,4991,4995,4830,4836,0.01,0.01,0.01,0.01
3.113,1051,1,0.0,0.0,0.0,0.0,0.004,-0.0,4987,4994,4826,4821,0.01,0.01,0.01,0.02
3.144,1048,1,0.0,0.0,0.0,0.0,0.004,-0.0,4989,4992,4824,4828,0.02,0.01,0.02,0.01
3.175,1050,1,0.0,0.0,0.0,0.0,0.004,-0.0,4987,4985,4810,4819,0.0,0.02,0.02,0.02
3.192,1058,1,0.0,0.0,0.0,0.0,0.004,-0.0,4988,4986,4815,4817,0.0,0.02,0.01,0.01
3.222,1067,1,0.0,0.0,0.0,0.0,0.004,-0.0,4997,4982,4804,4808,0.01,0.02,0.01,0.01
3.252,1071,1,0.0,0.0,0.0,0.0,0.004,-0.0,5004,4977,4814,4812,0.01,0.02,0.01,0.01
3.284,1085,1,0.0,0.0,0.0,0.0,0.004,-0.0,5005,4978,4805,4800,0.01,0.02,0.01,0.01
3.314,1095,1,0.0,0.0,0.0,0.0,0.004,0.0,5009,4974,4808,4792,0.01,0.02,0.01,0.01
3.344,1110,1,0.0,0.0,0.004,0.001,0.004,0.0,5013,4971,4802,4805,0.01,0.0,0.0,0.02
3.36,1113,1,0.0,0.0,-0.014,0.005,0.004,0.0,4992,4987,4827,4781,0.01,0.0,0.01,0.02
3.376,1110,1,0.0,0.0,0.002,-0.03,0.004,0.0,4990,4991,4820,4798,0.0,0.02,0.02,0.01
3.408,1113,1,0.0,0.0,-0.043,-0.009,0.004,-0.0,4989,4993,4814,4791,0.0,0.0,0.02,0.01
3.424,1114,1,0.0,0.0,0.012,0.023,0.004,-0.0,4993,4994,4799,4833,0.01,0.01,0.01,0.01
3.44,1110,1,0.0,0.0,-0.028,-0.019,0.004,-0.0,4998,4990,4807,4826,0.0,0.0,0.01,0.02
3.472,1106,1,0.0,0.0,0.023,0.014,0.004,-0.0,4996,5006,4807,4837,0.01,0.02,0.0,0.02
3.502,1106,1,0.0,0.0,0.049,0.022,0.004,-0.0,4989,5002,4825,4806,0.02,0.01,0.01,0.02
3.518,1104,1,0.0,0.0,-0.034,0.008,0.004,-0.0,4988,5005,4802,4827,0.0,0.02,0.02,0.0
3.549,1101,1,0.0,0.0,-0.017,-0.011,0.004,-0.0,4993,5008,4794,4819,0.0,0.0,0.01,0.0
3.579,1096,1,0.0,0.0,0.017,0.004,0.004,-0.0,5002,5002,4799,4797,0.01,0.01,0.0,0.0
3.611,1092,1,0.0,0.0,-0.042,0.021,0.004,-0.0,5011,4998,4792,4821,0.01,0.01,0.01,0.02
3.627,1101,1,0.0,0.0,0.04,0.009,0.004,-0.0,5006,5006,4817,4804,0.01,0.02,0.0,0.01
3.643,1102,1,0.0,0.0,0.0,0.0,0.004,-0.0,4996,5001,4821,4813,0.01,0.0,0.02,0.01
3.674,1100,1,0.0,0.0,0.0,0.0,0.004,-0.0,5000,4999,4803,4801,0.01,0.01,0.01,0.0
3.706,1095,1,0.0,0.0,0.0,0.0,0.004,-0.0,4998,4996,4789,4805,0.0,0.01,0.01,0.01
3.722,1125,1,0.0,0.09,0.003,-0.009,0.004,-0.0,4999,4998,4804,4818,0.0,0.01,0.01,0.01
3.753,1374,1,0.2,0.5,0.012,0.355,0.004,-0.0,4957,4957,5043,5013,0.02,0.02,0.15,0.15
3.784,1519,1,0.9,0.78,0.026,0.862,0.005,-0.0,4707,4705,5568,5553,0.04,0.04,0.36,0.35
3.815,1623,1,2.0,1.0,0.021,1.237,0.007,-0.0,4210,4220,6284,6245,0.08,0.08,0.64,0.63
3.846,1673,1,3.5,1.0,0.005,1.347,0.01,-0.0,3495,3509,6825,6823,0.14,0.15,1.99,1.98
3.862,1687,1,4.3,1.0,0.002,1.326,0.011,-0.0,3215,3225,6833,6815,0.15,0.14,3.71,3.72
3.879,1701,1,5.0,1.0,0.006,1.331,0.013,-0.0,3037,3051,6817,6794,0.18,0.18,5.16,5.19
3.909,1924,1,6.4,1.0,0.004,1.337,0.016,-0.0,2750,2784,6962,6970,0.21,0.2,6.8,6.78
3.925,2182,1,7.2,1.0,0.002,1.358,0.019,-0.0,2600,2634,7074,7088,0.22,0.22,7.22,7.23
3.956,2687,1,8.7,1.0,-0.003,1.365,0.022,-0.0,2405,2435,7214,7227,0.24,0.25,7.61,7.61
3.972,3007,1,9.5,1.0,-0.004,1.376,0.024,-0.0,2320,2342,7290,7299,0.26,0.26,7.74,7.71
3.989,3255,1,10.3,1.0,-0.004,1.376,0.025,-0.0,2263,2283,7345,7348,0.27,0.27,7.79,7.8
4.019,3655,1,11.7,1.0,-0.002,1.377,0.027,-0.0,2195,2202,7421,7408,0.28,0.29,7.9,7.89
4.049,4063,1,13.2,1.0,-0.001,1.37,0.029,-0.0,2231,2217,7447,7422,0.28,0.29,7.94,7.95
4.079,4497,1,14.6,1.0,-0.005,1.348,0.03,0.0,2348,2323,7433,7401,0.25,0.25,7.94,7.97
4.096,4588,1,15.5,1.0,-0.008,1.328,0.03,0.0,2435,2399,7407,7367,0.23,0.23,7.98,8.01
4.127,4524,1,16.9,1.0,-0.016,1.286,0.03,0.0,2588,2529,7310,7250,0.19,0.19,8.02,8.02
4.158,4794,1,18.3,1.0,-0.023,1.23,0.03,0.0,2764,2657,7089,6996,0.18,0.16,8.02,8.03
4.174,4834,1,19.0,1.0,-0.027,1.204,0.03,0.0,2844,2712,6987,6875,0.17,0.15,8.0,8.01
4.19,4856,1,19.6,1.0,-0.032,1.183,0.03,0.0,2926,2760,6901,6768,0.17,0.14,7.97,7.97
4.206,4874,1,20.3,1.0,-0.038,1.169,0.029,0.001,3020,2813,6821,6655,0.17,0.13,7.93,7.94
4.222,4884,1,21.0,1.0,-0.041,1.155,0.029,0.001,3088,2853,6769,6577,0.17,0.13,7.9,7.9
4.239,4892,1,21.7,1.0,-0.048,1.146,0.028,0.001,3137,2884,6726,6499,0.17,0.12,7.84,7.87
4.27,4901,1,22.9,1.0,-0.056,1.125,0.027,0.001,3214,2890,6689,6397,0.17,0.11,7.79,7.78
4.301,4905,1,24.2,1.0,-0.066,1.126,0.027,0.002,3301,2905,6686,6329,0.17,0.11,7.69,7.71
4.332,4757,1,25.4,1.0,-0.066,1.141,0.026,0.002,3357,2913,6690,6291,0.18,0.12,7.6,7.64
4.349,4544,1,26.0,1.0,-0.071,1.144,0.025,0.002,3382,2918,6676,6264,0.19,0.13,7.51,7.54
4.379,4332,1,27.3,1.0,-0.075,1.186,0.025,0.002,3414,2921,6750,6327,0.2,0.14,7.34,7.36
4.395,4203,1,28.0,1.0,-0.078,1.205,0.025,0.002,3421,2915,6797,6373,0.21,0.16,7.21,7.28
4.411,4089,1,28.7,1.0,-0.081,1.228,0.025,0.002,3420,2906,6839,6416,0.22,0.17,7.12,7.18
4.442,3844,1,30.0,1.0,-0.084,1.257,0.025,0.002,3411,2882,6932,6511,0.23,0.18,6.89,6.97
4.458,3688,1,30.8,1.0,-0.089,1.275,0.025,0.002,3398,2860,6983,6562,0.24,0.18,6.75,6.81
4.489,3409,1,32.2,1.0,-0.094,1.305,0.025,0.002,3360,2790,7048,6614,0.25,0.19,6.42,6.51
4.519,3133,1,33.5,1.0,-0.102,1.322,0.026,0.003,3287,2678,7137,6665,0.25,0.2,6.09,6.21
4.536,2970,1,34.4,1.0,-0.113,1.337,0.026,0.003,3244,2607,7193,6699,0.25,0.21,5.85,5.97
4.552,2832,1,35.1,1.0,-0.114,1.345,0.026,0.003,3214,2548,7244,6724,0.27,0.21,5.63,5.75
4.568,2686,1,35.8,1.0,-0.118,1.359,0.027,0.003,3184,2491,7298,6747,0.28,0.22,5.35,5.51
4.599,2346,1,37.4,1.0,-0.138,1.385,0.028,0.003,3145,2369,7422,6784,0.29,0.23,4.68,4.84
4.629,2007,1,38.9,1.0,-0.17,1.41,0.028,0.004,3137,2258,7558,6801,0.29,0.24,3.79,4.0
4.645,1825,1,39.7,1.0,-0.195,1.426,0.029,0.004,3145,2197,7641,6794,0.3,0.23,3.19,3.43
4.676,1594,1,41.3,1.0,-0.476,1.497,0.03,0.005,3219,2004,8065,6664,0.31,0.25,0.85,1.16
4.708,3168,1,42.6,1.0,-0.497,1.347,0.03,0.009,3702,1461,8098,5503,0.28,0.29,0.5,0.73
4.739,4478,1,43.9,1.0,-0.248,1.241,0.03,0.013,4011,1176,8451,5394,0.27,0.31,0.34,0.49
4.769,4786,1,45.4,0.99,-0.234,1.329,0.03,0.015,4105,1433,8457,5784,0.24,0.22,0.37,0.52
4.799,4699,1,46.8,0.94,-0.267,1.395,0.03,0.014,3988,1837,8282,6257,0.23,0.17,0.43,0.61
4.815,4639,1,47.7,0.9,-0.266,1.405,0.03,0.012,3797,1932,8101,6437,0.24,0.16,0.45,0.63
4.845,3334,1,49.2,0.86,-0.237,1.451,0.03,0.01,3443,2071,7823,6652,0.24,0.15,0.55,0.74
4.877,1809,1,50.7,0.85,-0.245,1.391,0.03,0.007,3157,2220,7592,6818,0.24,0.14,0.33,0.45
4.907,1751,1,52.2,0.84,-0.174,1.435,0.03,0.006,3118,2352,7307,6737,0.22,0.13,0.47,0.54
4.924,1998,1,52.9,0.84,-0.224,1.169,0.03,0.005,3145,2401,7209,6745,0.22,0.12,0.38,0.51
4.954,2034,1,54.1,0.83,-0.258,0.48,0.03,0.004,3256,2453,7105,6588,0.22,0.11,0.14,0.24
4.97,1824,1,54.8,0.83,-0.162,1.355,0.029,0.004,3380,2478,7008,6380,0.21,0.1,0.84,1.03
4.987,2083,1,55.5,0.83,-0.269,0.229,0.029,0.005,3468,2499,7033,6293,0.2,0.1,0.05,0.07
5.018,1966,1,56.7,0.83,-0.19,1.327,0.028,0.005,3595,2532,7171,6196,0.2,0.08,0.55,0.65
5.034,2162,1,57.3,0.83,-0.234,1.192,0.028,0.005,3641,2524,7214,6160,0.2,0.1,0.47,0.63
5.05,1845,1,58.1,0.83,-0.194,1.365,0.028,0.006,3694,2502,7465,6248,0.2,0.08,0.65,0.79
5.081,1951,1,59.3,0.85,-0.221,1.353,0.027,0.007,3760,2455,7506,6193,0.2,0.09,0.64,0.81
5.113,1979,1,60.7,0.88,-0.212,1.362,0.027,0.008,3841,2397,7411,6028,0.2,0.11,0.67,0.84
5.143,2001,1,62.1,0.88,-0.235,1.371,0.026,0.008,3874,2354,7602,6054,0.21,0.11,0.6,0.76
5.175,2003,1,63.5,0.89,-0.244,1.379,0.026,0.009,3898,2295,7624,6063,0.21,0.11,0.56,0.68
5.191,2158,1,64.1,0.89,-0.32,1.099,0.026,0.009,3894,2266,7621,6040,0.22,0.12,0.36,0.49
5.208,2004,1,65.0,0.92,-0.275,1.353,0.026,0.009,3884,2230,7711,6109,0.22,0.12,0.43,0.53
5.239,2064,1,66.3,0.98,-0.277,1.383,0.026,0.009,3839,2167,7751,6139,0.23,0.12,0.49,0.58
5.255,2332,1,67.1,1.0,-0.294,1.364,0.027,0.009,3793,2124,7776,6163,0.24,0.13,0.64,0.82
5.287,2378,1,68.5,1.0,-0.311,1.388,0.027,0.009,3699,2039,7891,6241,0.25,0.13,0.66,0.84
5.317,2431,1,70.0,1.0,-0.328,1.398,0.027,0.009,3619,1940,7959,6263,0.25,0.14,0.67,0.85
5.333,2281,1,70.7,1.0,-0.346,1.392,0.028,0.009,3588,1889,8014,6273,0.26,0.14,0.44,0.53
5.365,2381,1,72.3,1.0,-0.4,1.319,0.028,0.009,3561,1782,8101,6260,0.26,0.15,0.43,0.52
5.396,2475,1,74.0,1.0,-0.426,1.294,0.029,0.01,3578,1685,8170,6216,0.28,0.16,0.46,0.58
5.427,2525,1,75.4,1.0,-0.444,1.293,0.029,0.01,3624,1609,8237,6163,0.29,0.16,0.47,0.59
5.458,2649,1,76.8,1.0,-0.419,1.342,0.03,0.011,3725,1536,8183,6019,0.29,0.16,0.61,0.79
5.489,2635,1,78.2,1.0,-0.518,1.099,0.03,0.012,3819,1508,8245,5900,0.3,0.16,0.39,0.51
5.505,2610,1,79.1,1.0,-0.355,1.389,0.03,0.012,3909,1498,8273,5895,0.3,0.16,0.78,0.89
5.537,2754,1,80.4,1.0,-0.393,1.383,0.03,0.013,3985,1502,8334,5852,0.3,0.16,0.86,1.09
5.567,2744,1,81.8,1.0,-0.486,1.303,0.03,0.013,4031,1508,8316,5762,0.31,0.15,0.62,0.82
5.584,2775,1,82.6,1.0,-0.528,1.225,0.03,0.013,4079,1496,8382,5735,0.3,0.16,0.48,0.62
5.614,2808,1,84.0,1.0,-0.49,1.316,0.03,0.014,4135,1476,8449,5698,0.32,0.16,0.65,0.84
5.644,2761,1,85.4,1.0,-0.469,1.344,0.03,0.014,4193,1458,8466,5637,0.32,0.16,0.6,0.73
5.661,2881,1,86.2,1.0,-0.513,1.309,0.03,0.014,4223,1449,8481,5605,0.32,0.16,0.66,0.85
5.677,2872,1,86.8,1.0,-0.588,1.185,0.029,0.015,4252,1442,8488,5566,0.33,0.17,0.44,0.55
5.707,2999,1,88.2,1.0,-0.57,1.24,0.029,0.015,4299,1424,8509,5509,0.33,0.17,0.58,0.75
5.724,2947,1,89.0,1.0,-0.616,1.174,0.029,0.015,4333,1413,8525,5474,0.34,0.17,0.46,0.57
5.754,3073,1,90.3,1.0,-0.596,1.227,0.029,0.016,4393,1387,8556,5415,0.35,0.18,0.59,0.77
5.784,3024,1,91.6,1.0,-0.539,1.291,0.029,0.016,4443,1355,8602,5356,0.35,0.19,0.7,0.85
5.815,2985,1,92.9,1.0,-0.596,1.261,0.029,0.017,4504,1325,8634,5286,0.37,0.2,0.56,0.66
5.847,3175,1,94.3,1.0,-0.69,1.153,0.028,0.017,4578,1289,8684,5190,0.38,0.21,0.54,0.7
5.878,3208,1,95.6,1.0,-0.635,1.227,0.028,0.018,4648,1252,8744,5127,0.39,0.22,0.72,0.93
5.91,3127,1,97.0,1.0,-0.663,1.215,0.028,0.018,4736,1215,8782,5034,0.41,0.24,0.58,0.68
5.941,3268,1,98.2,1.0,-0.772,1.103,0.028,0.019,4805,1186,8827,4943,0.42,0.25,0.52,0.65
5.972,3389,1,99.4,1.0,-0.743,1.145,0.028,0.019,4886,1157,8882,4871,0.43,0.27,0.66,0.85
6.004,3389,1,100.7,1.0,-0.725,1.142,0.027,0.02,4978,1117,8835,4701,0.44,0.28,0.73,0.95
6.02,3235,1,101.3,1.0,-0.801,1.074,0.027,0.02,5039,1105,8870,4643,0.45,0.29,0.48,0.57
6.052,3344,1,102.6,1.0,-0.853,1.003,0.027,0.021,5151,1091,8934,4519,0.46,0.3,0.44,0.52
6.068,3427,1,103.1,1.0,-0.684,1.154,0.027,0.022,5192,1082,8951,4499,0.46,0.3,0.75,0.89
6.084,3446,1,103.8,1.0,-0.899,0.93,0.026,0.022,5231,1082,8960,4451,0.47,0.31,0.47,0.6
6.115,3482,1,104.9,1.0,-0.915,0.926,0.026,0.022,5295,1080,8972,4427,0.47,0.32,0.48,0.6
6.145,3519,1,106.0,1.0,-0.927,0.929,0.026,0.023,5328,1086,8979,4413,0.48,0.32,0.48,0.61
6.177,3608,1,107.2,1.0,-0.905,0.977,0.025,0.023,5370,1092,8987,4395,0.48,0.33,0.56,0.73
6.209,3645,1,108.3,1.0,-0.918,0.978,0.025,0.023,5386,1096,9003,4378,0.48,0.34,0.57,0.73
6.225,3517,1,109.0,1.0,-0.836,1.089,0.025,0.023,5403,1091,9025,4411,0.49,0.34,0.57,0.66
6.256,3555,1,110.1,1.0,-0.843,1.083,0.025,0.023,5423,1086,9048,4393,0.49,0.34,0.58,0.66
6.287,3592,1,111.2,1.0,-0.851,1.085,0.025,0.023,5436,1074,9074,4375,0.49,0.35,0.58,0.67
6.318,3610,1,112.4,1.0,-0.902,1.04,0.025,0.024,5446,1054,9099,4351,0.49,0.35,0.53,0.61
6.349,3647,1,113.5,1.0,-0.907,1.037,0.025,0.024,5446,1027,9122,4341,0.5,0.35,0.53,0.61
6.365,3835,1,114.1,1.0,-0.821,1.105,0.025,0.024,5455,1006,9151,4322,0.5,0.35,0.79,0.97
6.381,3750,1,114.7,1.0,-0.951,0.987,0.025,0.024,5438,998,9138,4318,0.5,0.35,0.49,0.57
6.398,3832,1,115.3,1.0,-0.764,1.136,0.025,0.024,5445,978,9162,4323,0.5,0.35,0.78,0.89
6.414,3846,1,115.9,1.0,-0.985,0.928,0.025,0.024,5419,976,9156,4308,0.5,0.35,0.53,0.64
6.43,3831,1,116.5,1.0,-0.785,1.127,0.025,0.024,5431,960,9169,4337,0.5,0.35,0.71,0.8
6.462,3835,1,117.7,1.0,-0.828,1.107,0.025,0.024,5408,950,9178,4348,0.5,0.35,0.65,0.73
6.494,3869,1,118.8,1.0,-0.827,1.109,0.025,0.024,5395,945,9185,4356,0.5,0.35,0.65,0.73
6.525,3877,1,120.0,1.0,-0.874,1.078,0.025,0.024,5377,946,9185,4369,0.5,0.35,0.59,0.66
6.542,4082,1,120.5,1.0,-0.889,1.058,0.025,0.024,5379,946,9191,4325,0.48,0.34,0.69,0.85
6.558,4040,1,121.2,1.0,-0.915,1.033,0.025,0.024,5366,950,9202,4390,0.49,0.34,0.61,0.71
6.589,4050,1,122.3,1.0,-0.984,0.94,0.026,0.024,5290,977,9169,4421,0.49,0.34,0.54,0.63
6.605,3999,1,123.0,1.0,-0.832,1.107,0.026,0.024,5288,971,9167,4425,0.48,0.33,0.64,0.71
6.622,4149,1,123.6,1.0,-0.791,1.135,0.026,0.024,5271,974,9212,4499,0.48,0.33,0.83,0.96
6.653,4168,1,124.7,1.0,-0.819,1.112,0.026,0.023,5242,978,9172,4435,0.48,0.32,0.78,0.92
6.684,4097,1,125.9,1.0,-0.829,1.125,0.026,0.023,5234,979,9190,4553,0.47,0.32,0.65,0.71
6.701,4240,1,126.5,1.0,-0.788,1.141,0.026,0.023,5215,983,9222,4576,0.47,0.32,0.83,0.95
6.717,4271,1,127.2,1.0,-0.886,1.077,0.026,0.023,5186,989,9198,4576,0.47,0.32,0.67,0.79
6.747,4299,1,128.4,1.0,-0.791,1.144,0.026,0.023,5151,983,9211,4604,0.47,0.32,0.82,0.94
6.778,4248,1,129.5,1.0,-0.787,1.151,0.027,0.023,5133,970,9194,4624,0.48,0.32,0.71,0.77
6.808,4296,1,130.7,1.0,-0.877,1.095,0.027,0.023,5127,955,9190,4618,0.48,0.32,0.58,0.63
6.839,4417,1,131.8,1.0,-0.889,1.078,0.027,0.023,5144,934,9228,4603,0.48,0.32,0.67,0.78
6.871,4401,1,133.1,1.0,-0.76,1.155,0.027,0.023,5168,913,9249,4614,0.47,0.32,0.76,0.83
6.902,4356,1,134.3,1.0,-0.845,1.117,0.027,0.023,5181,905,9242,4606,0.48,0.32,0.63,0.68
6.934,4529,1,135.5,1.0,-0.892,1.062,0.027,0.023,5192,904,9259,4578,0.48,0.32,0.65,0.75
6.95,4402,1,136.1,1.0,-0.854,1.101,0.027,0.023,5196,904,9245,4589,0.48,0.32,0.6,0.65
6.967,4485,1,136.8,1.0,-0.767,1.15,0.027,0.023,5208,902,9253,4577,0.48,0.32,0.71,0.77
6.998,4440,1,137.9,1.0,-0.861,1.08,0.027,0.023,5226,908,9230,4546,0.48,0.32,0.56,0.6
7.015,4515,1,138.6,1.0,-0.77,1.136,0.027,0.023,5238,911,9230,4531,0.48,0.32,0.67,0.72
7.045,4612,1,139.7,1.0,-0.862,1.048,0.027,0.023,5261,925,9214,4513,0.47,0.31,0.6,0.66
7.077,4596,1,140.9,1.0,-0.829,1.092,0.027,0.023,5225,952,9191,4596,0.45,0.31,0.54,0.57
7.108,4702,1,142.0,1.0,-0.811,1.096,0.027,0.023,5199,977,9155,4603,0.46,0.3,0.65,0.73
7.139,4652,1,143.2,1.0,-0.777,1.119,0.027,0.023,5170,1008,9118,4660,0.46,0.3,0.66,0.73
7.169,4673,1,144.3,1.0,-0.769,1.122,0.027,0.022,5156,1035,9090,4688,0.45,0.29,0.65,0.7
7.201,4718,1,145.4,1.0,-0.878,0.929,0.027,0.022,5168,1059,8991,4645,0.44,0.28,0.53,0.43
7.231,4779,1,146.5,1.0,-0.828,0.942,0.027,0.022,5203,1081,8952,4573,0.44,0.28,0.47,0.62
7.262,4737,1,147.6,1.0,-0.761,1.009,0.027,0.022,5242,1115,8900,4584,0.43,0.27,0.49,0.66
7.279,4810,1,148.1,1.0,-0.8,0.903,0.026,0.022,5260,1137,8851,4533,0.43,0.27,0.44,0.57
7.309,4841,1,149.1,1.0,-0.736,1.01,0.026,0.022,5283,1197,8757,4562,0.42,0.27,0.42,0.67
7.325,4852,1,149.6,1.0,-0.739,1.008,0.026,0.022,5288,1234,8783,4686,0.42,0.26,0.52,0.53
7.341,4838,1,150.2,1.0,-0.789,0.828,0.026,0.022,5271,1283,8655,4682,0.42,0.26,0.35,0.51
7.372,4869,1,151.2,1.0,-0.723,1.001,0.025,0.021,5266,1372,8661,4767,0.41,0.26,0.46,0.5
7.388,4877,1,151.7,1.0,-0.724,0.989,0.025,0.021,5239,1415,8645,4835,0.41,0.26,0.44,0.49
7.419,4900,1,152.8,1.0,-0.728,0.951,0.025,0.02,5200,1495,8576,4838,0.41,0.26,0.42,0.47
7.45,4921,1,153.8,1.0,-0.73,0.932,0.025,0.019,5191,1549,8533,4859,0.4,0.26,0.4,0.45
7.467,4933,1,154.4,1.0,-0.728,0.916,0.024,0.019,5205,1571,8522,4851,0.4,0.25,0.39,0.44
7.498,4954,1,155.4,1.0,-0.727,0.887,0.024,0.019,5234,1586,8498,4811,0.4,0.26,0.38,0.42
7.529,4975,1,156.3,1.0,-0.73,0.86,0.024,0.02,5297,1587,8488,4747,0.39,0.26,0.36,0.41
7.561,4998,1,157.2,1.0,-0.725,0.842,0.024,0.02,5373,1585,8486,4653,0.39,0.25,0.35,0.39
7.592,5024,1,158.1,1.0,-0.728,0.824,0.023,0.021,5435,1586,8484,4583,0.39,0.26,0.35,0.39
7.624,5054,1,159.0,1.0,-0.731,0.82,0.023,0.021,5492,1600,8508,4559,0.39,0.26,0.35,0.39
7.654,5081,1,159.9,1.0,-0.733,0.819,0.023,0.021,5525,1621,8505,4563,0.39,0.26,0.35,0.39
7.671,5098,1,160.4,1.0,-0.736,0.82,0.023,0.021,5530,1636,8501,4572,0.39,0.25,0.35,0.39
7.702,5125,1,161.3,1.0,-0.741,0.816,0.022,0.021,5537,1660,8485,4586,0.38,0.26,0.35,0.39
7.734,5155,1,162.2,1.0,-0.744,0.816,0.022,0.021,5537,1680,8470,4593,0.38,0.25,0.35,0.39
7.75,5168,1,162.6,1.0,-0.743,0.815,0.022,0.021,5532,1685,8468,4592,0.38,0.26,0.35,0.4
7.781,5195,1,163.5,1.0,-0.746,0.822,0.022,0.021,5530,1690,8475,4590,0.38,0.25,0.35,0.39
7.812,5225,1,164.4,1.0,-0.748,0.814,0.022,0.021,5522,1683,8488,4586,0.37,0.25,0.35,0.39
7.828,5239,1,164.8,1.0,-0.748,0.813,0.022,0.021,5524,1677,8494,4582,0.38,0.25,0.35,0.39
7.86,5268,1,165.8,1.0,-0.758,0.809,0.022,0.021,5507,1646,8509,4576,0.38,0.25,0.35,0.39
7.877,5281,1,166.2,1.0,-0.744,0.812,0.022,0.021,5495,1632,8514,4575,0.38,0.25,0.35,0.39
7.907,5310,1,167.1,1.0,-0.746,0.815,0.022,0.021,5465,1606,8520,4581,0.37,0.25,0.35,0.39
7.924,5324,1,167.6,1.0,-0.75,0.808,0.022,0.021,5452,1599,8521,4583,0.37,0.25,0.35,0.39
7.94,5337,1,168.0,1.0,-0.742,0.815,0.022,0.021,5439,1595,8522,4586,0.37,0.25,0.35,0.39
7.956,5352,1,168.5,1.0,-0.743,0.807,0.022,0.021,5427,1592,8521,4597,0.38,0.25,0.35,0.39
7.988,5379,1,169.3,1.0,-0.745,0.812,0.023,0.021,5411,1594,8520,4609,0.38,0.25,0.35,0.39
8.02,5407,1,170.3,1.0,-0.737,0.813,0.023,0.021,5397,1599,8516,4627,0.38,0.25,0.35,0.38
8.036,5422,1,170.8,1.0,-0.737,0.811,0.023,0.021,5394,1601,8513,4637,0.38,0.25,0.35,0.38
8.067,5449,1,171.6,1.0,-0.734,0.809,0.023,0.021,5389,1608,8507,4650,0.37,0.25,0.35,0.38
8.084,5461,1,172.1,1.0,-0.737,0.809,0.023,0.021,5389,1610,8507,4659,0.38,0.25,0.35,0.38
8.1,5477,1,172.6,1.0,-0.734,0.806,0.023,0.021,5389,1612,8507,4664,0.38,0.25,0.35,0.38
8.13,5503,1,173.4,1.0,-0.736,0.807,0.023,0.021,5392,1615,8504,4673,0.38,0.25,0.35,0.38
8.161,5529,1,174.2,1.0,-0.728,0.806,0.023,0.021,5396,1616,8504,4683,0.38,0.25,0.34,0.38
8.191,5555,1,175.1,1.0,-0.736,0.808,0.023,0.021,5405,1614,8504,4685,0.39,0.26,0.34,0.38
8.222,5582,1,175.9,1.0,-0.732,0.807,0.023,0.021,5414,1609,8508,4687,0.39,0.26,0.35,0.38
8.254,5610,1,176.8,1.0,-0.741,0.803,0.023,0.021,5434,1596,8520,4681,0.4,0.27,0.34,0.38
8.285,5640,1,177.8,1.0,-0.743,0.806,0.023,0.021,5458,1577,8535,4664,0.41,0.28,0.34,0.38
8.302,5653,1,178.2,1.0,-0.747,0.801,0.023,0.021,5469,1566,8545,4651,0.41,0.29,0.34,0.38
8.318,5666,1,178.6,1.0,-0.757,0.798,0.023,0.021,5484,1555,8556,4639,0.42,0.29,0.35,0.38
8.334,5683,1,179.1,1.0,-0.756,0.801,0.023,0.021,5498,1539,8572,4621,0.43,0.3,0.35,0.38
8.364,5709,1,179.9,1.0,-0.769,0.796,0.023,0.021,5532,1511,8600,4592,0.44,0.31,0.35,0.38
8.394,5736,1,180.8,1.0,-0.788,0.793,0.023,0.022,5565,1481,8633,4562,0.45,0.32,0.35,0.39
8.411,5749,1,181.2,1.0,-0.798,0.792,0.023,0.022,5582,1466,8652,4542,0.45,0.32,0.35,0.39
8.442,5779,1,182.1,1.0,-0.802,0.789,0.023,0.022,5622,1432,8694,4504,0.46,0.34,0.35,0.39
8.458,5792,1,182.5,1.0,-0.81,0.79,0.023,0.022,5640,1417,8714,4487,0.47,0.34,0.36,0.39
8.489,5818,1,183.3,1.0,-0.823,0.79,0.023,0.023,5677,1386,8752,4455,0.48,0.35,0.36,0.39
8.505,5835,1,183.8,1.0,-0.836,0.785,0.023,0.023,5699,1368,8776,4435,0.47,0.36,0.36,0.4
8.521,5848,1,184.2,1.0,-0.834,0.779,0.023,0.023,5721,1353,8796,4417,0.49,0.36,0.36,0.4
8.552,5874,1,185.0,1.0,-0.848,0.786,0.023,0.024,5756,1321,8834,4384,0.5,0.38,0.36,0.4
8.584,5903,1,185.9,1.0,-0.872,0.776,0.023,0.024,5795,1287,8875,4349,0.52,0.4,0.37,0.4
8.6,5919,1,186.4,1.0,-0.873,0.781,0.023,0.024,5817,1269,8895,4330,0.53,0.4,0.37,0.4
8.617,5932,1,186.8,1.0,-0.874,0.778,0.023,0.024,5830,1255,8912,4314,0.53,0.41,0.37,0.41
8.633,5945,1,187.2,1.0,-0.879,0.781,0.023,0.025,5849,1240,8927,4300,0.54,0.41,0.37,0.41
8.664,5974,1,188.1,1.0,-0.892,0.775,0.024,0.025,5881,1211,8962,4270,0.55,0.43,0.37,0.41
8.694,6000,1,188.9,1.0,-0.902,0.775,0.024,0.025,5899,1187,8989,4247,0.54,0.44,0.38,0.41
8.711,6013,1,189.3,1.0,-0.909,0.774,0.024,0.025,5913,1176,9001,4234,0.56,0.45,0.38,0.41
8.727,6028,1,189.8,1.0,-0.909,0.776,0.024,0.026,5921,1164,9017,4223,0.57,0.45,0.38,0.41
8.743,6041,1,190.2,1.0,-0.912,0.774,0.024,0.026,5932,1155,9026,4213,0.57,0.45,0.38,0.41
8.774,6067,1,191.0,1.0,-0.929,0.773,0.024,0.026,5947,1138,9044,4200,0.59,0.47,0.38,0.42
8.804,6092,1,191.8,1.0,-0.935,0.761,0.024,0.026,5955,1123,9060,4185,0.6,0.48,0.38,0.42
8.82,6107,1,192.3,1.0,-0.933,0.767,0.024,0.026,5964,1113,9071,4175,0.61,0.49,0.39,0.42
8.837,6119,1,192.7,1.0,-0.94,0.764,0.024,0.026,5970,1105,9078,4169,0.62,0.5,0.38,0.42
8.867,6145,1,193.4,1.0,-0.946,0.761,0.024,0.026,5992,1087,9093,4153,0.64,0.53,0.39,0.42
8.897,6173,1,194.3,1.0,-0.947,0.755,0.024,0.027,6018,1066,9115,4132,0.66,0.56,0.39,0.42
8.914,6185,1,194.7,1.0,-0.954,0.758,0.024,0.027,6029,1058,9122,4125,0.69,0.58,0.39,0.42
8.944,6210,1,195.5,1.0,-0.959,0.759,0.024,0.027,6057,1040,9141,4103,0.72,0.61,0.39,0.42
8.975,6235,1,196.3,1.0,-0.97,0.753,0.024,0.027,6086,1020,9161,4083,0.76,0.65,0.39,0.42
8.992,6250,1,196.7,1.0,-0.986,0.748,0.024,0.027,6102,1012,9171,4071,0.78,0.67,0.39,0.43
9.008,6262,1,197.1,1.0,-0.978,0.748,0.024,0.027,6109,1003,9182,4060,0.78,0.69,0.4,0.43
9.039,6289,1,197.9,1.0,-0.987,0.742,0.024,0.027,6134,988,9201,4040,0.84,0.74,0.4,0.43
9.069,6314,1,198.7,1.0,-0.988,0.736,0.024,0.028,6155,977,9218,4023,0.88,0.78,0.4,0.43
9.1,6338,1,199.5,1.0,-1.004,0.731,0.024,0.028,6173,970,9232,4007,0.92,0.83,0.4,0.43
9.131,6363,1,200.2,1.0,-1.002,0.731,0.024,0.028,6181,963,9244,3990,0.96,0.87,0.4,0.43
9.162,6389,1,201.0,1.0,-0.998,0.724,0.024,0.028,6195,960,9256,3975,1.0,0.91,0.41,0.43
9.194,6413,1,201.8,1.0,-1.0,0.723,0.024,0.028,6202,960,9259,3965,1.04,0.95,0.41,0.44
9.21,6427,1,202.2,1.0,-1.002,0.725,0.024,0.028,6201,963,9257,3961,1.06,0.98,0.41,0.44
9.227,6439,1,202.6,1.0,-1.001,0.723,0.024,0.028,6201,966,9255,3959,1.07,0.99,0.41,0.44
9.258,6465,1,203.4,1.0,-1.011,0.718,0.024,0.028,6204,973,9252,3960,1.11,1.03,0.41,0.44
9.274,6476,1,203.8,1.0,-1.003,0.719,0.024,0.028,6200,976,9251,3960,1.09,1.04,0.41,0.44
9.291,6490,1,204.2,1.0,-1.005,0.714,0.024,0.028,6199,976,9249,3962,1.12,1.06,0.41,0.44
9.322,6512,1,204.9,1.0,-1.0,0.715,0.024,0.028,6200,985,9246,3965,1.16,1.07,0.41,0.43
9.338,6523,1,205.3,1.0,-1.001,0.708,0.024,0.028,6198,986,9244,3969,1.17,1.09,0.41,0.43
9.37,6546,1,206.1,1.0,-1.001,0.704,0.024,0.028,6196,993,9237,3970,1.18,1.11,0.41,0.43
9.387,6559,1,206.5,1.0,-0.993,0.708,0.024,0.028,6198,999,9231,3974,1.19,1.11,0.4,0.43
9.419,6580,1,207.2,1.0,-1.015,0.698,0.024,0.028,6198,1007,9222,3978,1.2,1.12,0.4,0.42
9.449,6600,1,207.9,1.0,-0.993,0.699,0.024,0.028,6191,1017,9209,3987,1.16,1.12,0.4,0.42
9.48,6623,1,208.7,1.0,-0.988,0.693,0.024,0.028,6190,1030,9196,3992,1.18,1.12,0.4,0.42
9.496,6633,1,209.1,1.0,-0.985,0.686,0.024,0.028,6195,1036,9193,3997,1.19,1.1,0.4,0.42
9.527,6653,1,209.8,1.0,-0.99,0.682,0.024,0.028,6198,1047,9182,4009,1.18,1.1,0.39,0.41
9.558,6676,1,210.6,1.0,-0.993,0.677,0.024,0.028,6202,1059,9175,4014,1.16,1.09,0.39,0.41
9.589,6696,1,211.3,1.0,-1.001,0.679,0.024,0.028,6208,1066,9172,4018,1.14,1.06,0.39,0.41
9.62,6716,1,211.9,1.0,-0.991,0.678,0.023,0.028,6213,1069,9171,4017,1.09,1.04,0.38,0.4
9.636,6728,1,212.4,1.0,-0.987,0.676,0.023,0.028,6223,1072,9173,4018,1.09,1.03,0.38,0.41
9.668,6749,1,213.1,1.0,-0.994,0.672,0.023,0.028,6229,1070,9176,4016,1.08,1.0,0.38,0.4
9.684,6755,1,213.5,0.97,-0.992,0.674,0.023,0.028,6241,1070,9181,4012,1.06,0.99,0.38,0.4
9.715,6728,1,214.1,0.81,-1.016,0.566,0.023,0.028,6267,1066,9108,3924,1.05,0.96,0.34,0.35
9.746,6646,1,214.5,0.59,-1.014,0.206,0.023,0.028,6369,1095,8794,3616,1.07,1.03,0.26,0.25
9.777,6528,1,214.3,0.21,-0.901,-0.389,0.022,0.029,6600,1352,8059,3075,1.25,1.64,0.2,0.17
9.807,6435,1,213.7,0.02,-0.777,-0.76,0.019,0.028,6847,1787,7142,2630,1.26,1.49,0.19,0.18
9.838,6365,1,212.7,0.02,-0.704,-0.925,0.015,0.026,7119,2617,6210,2454,1.36,1.21,0.18,0.22
9.855,6327,1,212.1,0.02,-0.637,-1.002,0.013,0.024,7285,3112,5718,2452,1.3,1.46,0.18,0.25
9.886,6267,1,211.0,0.02,-0.561,-1.163,0.007,0.02,7545,4079,5067,2508,1.39,1.3,0.18,0.29
9.902,6239,1,210.3,0.02,-0.573,-1.187,0.004,0.018,7710,4537,4783,2531,1.23,1.36,0.19,0.31
9.934,6174,1,208.9,0.02,-0.54,-1.299,-0.002,0.015,8081,5570,4290,2495,1.25,1.06,0.21,0.34
9.965,6110,1,207.5,0.02,-0.602,-1.339,-0.008,0.013,8505,6264,4059,2319,1.21,0.98,0.23,0.39
9.996,6030,1,205.9,0.02,-0.569,-1.419,-0.014,0.013,9051,6839,4089,1973,1.12,1.05,0.24,0.5
10.027,5937,1,204.4,0.03,-0.694,-1.398,-0.019,0.015,9505,7095,4348,1619,0.99,1.04,0.24,0.67
10.044,5863,1,203.5,0.02,-0.701,-1.397,-0.021,0.016,9833,7132,4564,1434,1.07,0.99,0.24,0.84
10.06,5789,1,202.7,0.02,-0.657,-1.441,-0.023,0.017,10063,7079,4746,1308,1.1,1.29,0.24,1.04
10.091,5747,1,201.1,0.02,-0.817,-1.358,-0.026,0.021,10477,6932,5047,1071,0.86,1.15,0.26,1.03
10.122,5687,1,199.7,0.03,-0.861,-1.338,-0.028,0.023,11134,6652,5343,869,0.97,1.06,0.27,1.11
10.152,5668,1,198.2,0.02,-0.82,-1.336,-0.028,0.025,11148,6093,5508,807,0.99,1.17,0.3,1.15
10.168,5633,1,197.5,0.02,-0.82,-1.332,-0.028,0.026,10933,5750,5492,814,1.03,1.4,0.31,1.1
10.2,5598,1,196.0,0.02,-0.832,-1.224,-0.026,0.026,10027,5141,5395,942,1.15,1.17,0.34,1.18
10.217,5577,1,195.3,0.02,-0.88,-1.207,-0.026,0.026,9494,4924,5302,1026,0.92,1.22,0.35,1.08
10.248,5580,1,193.9,0.02,-0.901,-1.127,-0.023,0.025,8545,4544,5259,1218,0.95,1.14,0.38,1.01
10.279,5555,1,192.7,0.02,-0.841,-1.145,-0.021,0.024,8084,4325,5313,1273,1.01,1.39,0.39,0.98
10.311,5488,1,191.3,0.03,-0.773,-1.173,-0.019,0.023,7925,4313,5443,1368,1.16,1.29,0.38,1.09
10.327,5460,1,190.7,0.02,-0.835,-1.135,-0.019,0.023,7948,4310,5427,1366,0.99,1.43,0.35,1.03
10.358,5462,1,189.4,0.02,-0.775,-1.231,-0.017,0.022,8039,4415,5450,1462,1.05,1.39,0.35,0.87
10.39,5382,1,188.0,0.03,-0.77,-1.214,-0.016,0.022,8251,4618,5488,1531,1.1,0.99,0.33,1.02
10.422,5322,1,186.5,0.02,-0.733,-1.259,-0.016,0.022,8428,4747,5390,1554,1.06,1.23,0.29,1.11
10.438,5332,1,185.8,0.02,-0.754,-1.243,-0.015,0.022,8529,4890,5368,1604,0.79,0.84,0.3,0.97
10.454,5299,1,185.0,0.02,-0.66,-1.267,-0.015,0.022,8527,4905,5315,1601,1.01,1.45,0.26,1.17
10.471,5287,1,184.3,0.02,-0.682,-1.276,-0.015,0.021,8566,5050,5254,1641,1.14,0.98,0.25,1.01
10.502,5260,1,183.0,0.02,-0.595,-1.329,-0.015,0.021,8537,5176,5100,1726,0.99,1.19,0.24,0.96
10.534,5228,1,181.4,0.02,-0.619,-1.309,-0.015,0.019,8483,5388,4872,1861,0.81,0.98,0.26,0.88
10.55,5194,1,180.7,0.02,-0.607,-1.337,-0.015,0.018,8431,5434,4749,1853,0.93,0.99,0.23,0.96
10.567,5146,1,179.9,0.02,-0.562,-1.337,-0.016,0.017,8416,5577,4652,1892,1.05,1.01,0.23,1.05
10.597,5151,1,178.4,0.02,-0.558,-1.387,-0.016,0.016,8331,5780,4460,2006,0.87,1.06,0.26,0.85
10.628,5085,1,176.8,0.02,-0.527,-1.374,-0.016,0.015,8403,5878,4401,1983,1.11,1.2,0.25,0.93
10.659,5023,1,175.4,0.02,-0.607,-1.354,-0.017,0.015,8356,5922,4453,1949,0.97,1.02,0.25,1.02
10.691,5017,1,174.0,0.03,-0.714,-1.285,-0.017,0.015,8512,5885,4567,1855,0.81,0.9,0.28,0.86
10.707,4968,1,173.1,0.02,-0.63,-1.313,-0.018,0.016,8507,5803,4677,1699,1.0,0.91,0.25,0.99
10.738,4932,1,171.7,0.03,-0.689,-1.284,-0.018,0.018,8709,5604,4852,1572,0.85,1.32,0.26,0.97
10.755,4888,1,170.9,0.03,-0.706,-1.235,-0.018,0.019,8694,5464,4950,1471,1.04,0.95,0.25,1.21
10.787,4864,1,169.6,0.03,-0.747,-1.209,-0.018,0.02,8802,5234,5134,1401,0.94,1.02,0.28,0.99
10.817,4779,1,168.2,0.02,-0.81,-1.156,-0.018,0.022,8974,5052,5270,1324,0.84,1.22,0.26,1.21
10.834,4850,1,167.5,0.03,-0.72,-1.252,-0.018,0.022,8860,4993,5306,1350,1.05,1.27,0.3,0.8
10.85,4778,1,166.9,0.02,-0.694,-1.221,-0.018,0.023,8938,5010,5319,1305,0.97,1.04,0.27,1.05
10.881,4720,1,165.5,0.03,-0.738,-1.189,-0.018,0.023,8850,4904,5384,1327,1.2,1.1,0.27,1.28
10.897,4766,1,164.8,0.03,-0.799,-1.219,-0.018,0.023,8802,4934,5331,1365,0.96,0.92,0.3,0.85
10.927,4694,1,163.5,0.03,-0.799,-1.178,-0.018,0.023,8766,4936,5317,1369,0.84,1.05,0.3,1.0
10.944,4676,1,162.8,0.02,-0.691,-1.219,-0.017,0.023,8690,4932,5288,1391,1.06,1.21,0.3,1.11
10.96,4616,1,162.1,0.02,-0.787,-1.193,-0.017,0.023,8718,4954,5222,1396,0.74,1.03,0.28,1.17
10.991,4633,1,160.8,0.02,-0.717,-1.215,-0.017,0.022,8607,5008,5124,1376,1.11,1.09,0.28,0.93
11.022,4562,1,159.4,0.02,-0.683,-1.242,-0.017,0.022,8569,5011,5073,1430,1.01,1.3,0.28,1.06
11.054,4510,1,158.1,0.02,-0.711,-1.212,-0.017,0.021,8553,5082,5017,1443,0.84,1.33,0.28,1.13
11.07,4512,1,157.3,0.02,-0.726,-1.206,-0.017,0.021,8552,5154,4982,1455,1.03,0.89,0.28,1.02
11.101,4466,1,155.9,0.02,-0.778,-1.19,-0.017,0.02,8526,5230,4904,1492,0.82,0.88,0.28,1.06
11.132,4423,1,154.6,0.02,-0.697,-1.214,-0.017,0.02,8551,5258,4869,1476,1.09,0.86,0.27,1.07
11.149,4428,1,153.8,0.02,-0.662,-1.266,-0.017,0.02,8505,5257,4836,1525,0.82,1.18,0.29,0.93
11.165,4373,1,153.2,0.02,-0.691,-1.219,-0.017,0.02,8525,5254,4833,1499,0.96,0.93,0.27,1.12
11.197,4324,1,151.7,0.02,-0.711,-1.201,-0.018,0.019,8500,5270,4810,1513,0.81,1.02,0.26,1.15
11.228,4289,1,150.4,0.03,-0.632,-1.24,-0.018,0.019,8569,5250,4830,1510,1.09,1.03,0.26,1.14
11.244,4301,1,149.6,0.02,-0.713,-1.213,-0.018,0.019,8517,5339,4800,1529,0.85,0.83,0.26,0.97
11.274,4267,1,148.3,0.03,-0.623,-1.256,-0.018,0.019,8595,5318,4836,1513,1.14,0.86,0.26,0.96
11.305,4231,1,147.0,0.02,-0.665,-1.272,-0.018,0.02,8537,5308,4867,1535,1.03,0.88,0.27,0.94
11.337,4187,1,145.5,0.02,-0.728,-1.223,-0.018,0.02,8539,5305,4864,1527,0.96,0.81,0.26,0.97
11.354,4131,1,144.9,0.02,-0.613,-1.228,-0.018,0.02,8580,5225,4892,1496,1.16,1.12,0.25,1.16
11.385,4116,1,143.5,0.03,-0.689,-1.193,-0.018,0.02,8587,5164,4951,1479,1.16,1.06,0.26,1.2
11.415,4077,1,142.2,0.02,-0.66,-1.203,-0.017,0.02,8586,5156,5008,1457,1.1,1.11,0.26,1.21
11.446,4035,1,141.0,0.02,-0.747,-1.159,-0.017,0.021,8603,5091,5067,1431,1.14,0.82,0.26,1.24
11.476,4029,1,139.7,0.02,-0.676,-1.229,-0.017,0.021,8649,4943,5141,1426,1.16,1.6,0.29,0.9
11.506,3986,1,138.5,0.02,-0.702,-1.216,-0.017,0.022,8663,4957,5177,1394,1.18,1.15,0.28,0.97
11.537,3934,1,137.2,0.02,-0.747,-1.179,-0.017,0.022,8684,4933,5223,1387,1.18,0.85,0.28,1.06
11.568,3866,1,135.9,0.03,-0.712,-1.168,-0.017,0.023,8697,4838,5242,1362,1.18,1.25,0.27,1.21
11.584,3879,1,135.3,0.02,-0.843,-1.122,-0.017,0.023,8681,4907,5234,1375,0.89,0.79,0.28,1.05
11.601,3869,1,134.5,0.02,-0.682,-1.204,-0.017,0.023,8693,4876,5255,1376,1.17,1.0,0.3,0.95
11.617,3809,1,133.9,0.02,-0.723,-1.157,-0.017,0.023,8648,4887,5231,1353,0.93,1.35,0.27,1.22
11.648,3819,1,132.6,0.02,-0.84,-1.067,-0.017,0.022,8675,4981,5176,1386,0.79,0.86,0.29,1.11
11.665,3752,1,131.9,0.02,-0.669,-1.187,-0.017,0.022,8632,4920,5141,1358,1.09,1.12,0.28,1.22
11.696,3764,1,130.7,0.02,-0.785,-1.112,-0.017,0.022,8584,5003,5077,1387,1.01,0.94,0.29,1.1
11.712,3697,1,129.9,0.02,-0.694,-1.177,-0.017,0.022,8651,5004,5039,1368,0.9,1.1,0.28,1.2
11.729,3710,1,129.3,0.02,-0.702,-1.207,-0.017,0.022,8550,5068,5000,1384,0.96,1.1,0.29,1.03
11.759,3659,1,128.0,0.02,-0.779,-1.107,-0.017,0.021,8561,5039,4964,1375,0.83,1.23,0.28,1.12
11.775,3659,1,127.3,0.02,-0.723,-1.196,-0.017,0.021,8577,5121,4960,1379,1.1,0.76,0.29,0.99
11.791,3661,1,126.6,0.02,-0.77,-1.066,-0.017,0.021,8602,5041,4964,1383,0.74,1.11,0.29,1.03
11.821,3610,1,125.4,0.02,-0.731,-1.124,-0.017,0.021,8644,5074,4982,1378,0.87,0.9,0.29,1.13
11.852,3568,1,124.1,0.02,-0.621,-1.24,-0.018,0.021,8604,5049,4988,1368,1.16,1.29,0.29,0.99
11.868,3558,1,123.4,0.02,-0.746,-1.122,-0.018,0.021,8564,5003,4992,1372,0.96,1.23,0.28,1.09
11.884,3505,1,122.8,0.02,-0.674,-1.175,-0.018,0.021,8606,5005,4990,1346,1.16,1.3,0.26,1.15
11.901,3505,1,122.1,0.02,-0.76,-1.154,-0.018,0.021,8546,5063,4999,1357,1.04,0.85,0.28,1.03
11.917,3504,1,121.5,0.03,-0.629,-1.191,-0.018,0.021,8654,4977,5035,1354,0.94,1.26,0.28,1.08
11.947,3462,1,120.2,0.02,-0.694,-1.194,-0.018,0.022,8679,4946,5073,1347,0.98,0.93,0.29,0.96
11.964,3451,1,119.6,0.02,-0.677,-1.152,-0.017,0.022,8614,4873,5107,1335,1.19,1.27,0.28,1.09
11.994,3406,1,118.4,0.02,-0.726,-1.171,-0.017,0.022,8639,4865,5147,1345,1.23,1.0,0.28,0.97
12.011,3373,1,117.8,0.02,-0.77,-1.067,-0.017,0.023,8639,4783,5159,1327,1.03,1.59,0.26,1.28
12.027,3342,1,117.1,0.02,-0.801,-1.065,-0.017,0.023,8708,4774,5170,1328,0.85,1.26,0.26,1.16
12.058,3319,1,115.9,0.02,-0.768,-1.062,-0.017,0.023,8640,4738,5234,1328,1.09,1.69,0.26,1.29
12.087,3308,1,114.7,0.02,-0.722,-1.132,-0.017,0.023,8633,4783,5261,1365,1.27,1.32,0.29,0.91
12.104,3249,1,114.1,0.02,-0.823,-1.006,-0.017,0.023,8657,4743,5247,1337,1.06,1.6,0.26,1.22
12.135,3258,1,112.8,0.02,-0.72,-1.14,-0.017,0.023,8604,4806,5266,1380,1.36,1.4,0.3,0.89
12.167,3216,1,111.7,0.02,-0.796,-1.11,-0.017,0.023,8649,4832,5248,1362,0.97,1.08,0.29,0.99
12.198,3152,1,110.4,0.02,-0.719,-1.106,-0.016,0.023,8586,4749,5255,1335,1.37,1.65,0.27,1.15
12.229,3167,1,109.2,0.02,-0.655,-1.14,-0.016,0.023,8664,4780,5268,1340,1.12,1.59,0.29,1.01
12.261,3113,1,107.9,0.02,-0.837,-1.077,-0.017,0.023,8608,4839,5215,1325,1.12,1.01,0.29,0.95
12.292,3059,1,106.7,0.02,-0.77,-1.097,-0.017,0.023,8598,4777,5188,1301,1.23,1.37,0.28,1.09
12.322,3032,1,105.6,0.02,-0.682,-1.133,-0.017,0.023,8611,4767,5187,1285,1.36,1.74,0.27,1.25
12.352,3012,1,104.4,0.02,-0.746,-1.114,-0.017,0.023,8673,4824,5177,1310,0.82,1.23,0.3,0.88
12.369,2968,1,103.7,0.02,-0.684,-1.133,-0.017,0.023,8626,4757,5171,1275,1.31,1.71,0.27,1.32
12.399,2957,1,102.5,0.02,-0.754,-1.132,-0.017,0.023,8674,4822,5142,1278,0.79,1.18,0.29,0.94
12.431,2896,1,101.4,0.02,-0.863,-0.998,-0.017,0.023,8597,4834,5149,1267,0.99,0.86,0.27,1.15
12.461,2866,1,100.2,0.02,-0.762,-1.082,-0.017,0.023,8584,4750,5171,1265,1.19,1.27,0.27,1.35
12.477,2907,1,99.5,0.02,-0.872,-1.034,-0.017,0.023,8593,4826,5109,1274,1.0,0.87,0.28,0.69
12.493,2836,1,98.9,0.02,-0.635,-1.136,-0.017,0.023,8678,4768,5163,1237,0.99,1.44,0.27,1.06
12.524,2776,1,97.8,0.02,-0.869,-0.945,-0.017,0.023,8638,4816,5169,1279,0.9,1.04,0.26,1.27
12.541,2851,1,97.1,0.02,-0.638,-1.205,-0.017,0.023,8664,4774,5128,1302,1.04,1.49,0.29,0.59
12.557,2781,1,96.5,0.02,-0.756,-1.076,-0.017,0.023,8591,4759,5143,1245,1.25,1.33,0.27,0.94
12.574,2772,1,95.8,0.02,-0.848,-1.023,-0.017,0.023,8587,4837,5164,1321,1.11,0.94,0.3,0.84
12.605,2727,1,94.7,0.02,-0.755,-1.147,-0.017,0.023,8582,4777,5122,1321,1.31,1.41,0.28,0.98
12.635,2675,1,93.5,0.02,-0.757,-1.076,-0.017,0.023,8611,4782,5101,1314,0.86,1.91,0.27,1.13
12.667,2676,1,92.3,0.02,-0.697,-1.1,-0.017,0.023,8579,4828,5165,1320,1.04,1.17,0.28,1.06
12.698,2636,1,91.2,0.02,-0.82,-1.073,-0.017,0.023,8542,4748,5215,1310,1.28,1.27,0.3,0.88
12.729,2569,1,89.9,0.02,-0.798,-1.032,-0.017,0.023,8588,4670,5251,1269,1.17,2.02,0.27,1.15
12.745,2578,1,89.4,0.02,-0.94,-0.929,-0.017,0.023,8622,4685,5292,1283,1.0,1.3,0.3,0.94
12.761,2540,1,88.8,0.02,-0.763,-1.031,-0.017,0.024,8681,4691,5311,1255,0.88,1.48,0.27,1.37
12.793,2508,1,87.6,0.02,-0.777,-1.047,-0.017,0.024,8677,4651,5337,1211,1.05,1.3,0.28,1.07
12.824,2506,1,86.3,0.02,-0.7,-1.108,-0.017,0.024,8624,4619,5294,1222,1.34,2.01,0.27,0.78
12.841,2437,1,85.8,0.02,-0.839,-1.017,-0.016,0.024,8595,4652,5353,1218,1.23,1.2,0.28,1.25
12.872,2447,1,84.6,0.02,-0.677,-1.106,-0.016,0.024,8702,4616,5298,1209,1.0,1.66,0.27,0.86
12.888,2433,1,84.0,0.02,-0.774,-1.049,-0.016,0.024,8626,4675,5309,1260,1.32,1.07,0.29,1.13
12.92,2384,1,82.8,0.02,-0.683,-1.122,-0.017,0.024,8650,4669,5231,1229,0.94,1.5,0.27,0.95
12.95,2340,1,81.7,0.02,-0.806,-0.952,-0.017,0.023,8575,4725,5168,1273,0.75,1.41,0.26,1.1
12.967,2406,1,81.0,0.02,-0.677,-1.176,-0.017,0.023,8602,4684,5155,1328,0.86,1.41,0.31,0.67
12.997,2291,1,79.9,0.02,-0.794,-0.964,-0.017,0.023,8565,4736,5161,1256,0.71,1.35,0.27,1.07
13.014,2357,1,79.3,0.02,-0.677,-1.169,-0.017,0.023,8608,4676,5166,1322,0.82,1.33,0.3,0.66
13.044,2241,1,78.1,0.02,-0.6,-1.174,-0.017,0.023,8661,4716,5190,1255,0.81,1.31,0.26,1.05
13.061,2252,1,77.6,0.02,-0.803,-1.044,-0.017,0.023,8505,4695,5174,1318,0.98,0.97,0.29,0.87
13.09,2220,1,76.5,0.02,-0.708,-1.143,-0.017,0.023,8489,4714,5109,1313,0.98,1.58,0.28,0.85
13.106,2156,1,75.9,0.02,-0.744,-1.016,-0.017,0.023,8625,4776,5121,1294,0.83,0.78,0.26,1.23
13.138,2178,1,74.7,0.02,-0.794,-0.998,-0.017,0.022,8489,4729,5101,1338,0.77,1.63,0.29,0.76
13.154,2117,1,74.0,0.02,-0.834,-0.976,-0.017,0.022,8607,4734,5106,1293,0.68,1.02,0.25,1.09
13.171,2137,1,73.5,0.02,-0.693,-1.163,-0.017,0.022,8506,4815,5136,1321,1.2,0.84,0.29,0.81
13.202,2161,1,72.3,0.02,-0.755,-1.082,-0.017,0.023,8618,4753,5164,1341,0.9,0.85,0.3,0.63
13.218,2086,1,71.7,0.02,-0.7,-1.089,-0.017,0.023,8540,4791,5132,1274,1.26,0.9,0.25,0.68
13.235,2033,1,71.2,0.02,-0.794,-0.994,-0.017,0.023,8552,4697,5187,1267,0.86,1.77,0.26,1.14
13.266,2033,1,69.9,0.02,-0.676,-1.089,-0.017,0.023,8564,4772,5140,1273,1.34,0.97,0.25,0.69
13.298,2054,1,68.8,0.02,-0.726,-1.085,-0.017,0.023,8630,4747,5168,1345,1.06,0.95,0.3,0.66
13.314,1978,1,68.1,0.03,-0.667,-1.101,-0.017,0.023,8554,4819,5096,1288,1.41,1.04,0.25,0.7
13.331,1920,1,67.6,0.02,-0.764,-1.021,-0.017,0.023,8526,4747,5106,1299,0.96,1.99,0.26,1.22
13.347,1994,1,66.9,0.03,-0.766,-1.138,-0.017,0.022,8603,4799,5034,1396,0.8,1.27,0.31,0.45
13.379,1894,1,65.7,0.03,-0.751,-1.043,-0.017,0.022,8482,4831,4983,1332,0.99,2.06,0.27,1.26
13.409,1844,1,64.6,0.02,-0.637,-1.141,-0.017,0.021,8508,4954,4951,1362,0.73,1.39,0.27,1.44
13.441,1809,1,63.3,0.03,-0.833,-0.997,-0.017,0.021,8444,4984,4902,1343,1.06,0.84,0.28,0.95
13.457,1853,1,62.7,0.02,-0.585,-1.198,-0.017,0.021,8571,5024,4875,1414,0.67,1.29,0.3,0.89
13.487,1738,1,61.4,0.02,-0.821,-1.002,-0.017,0.021,8391,5066,4803,1373,0.89,0.69,0.29,1.21
13.504,1823,1,60.8,0.02,-0.564,-1.259,-0.017,0.02,8540,5077,4745,1443,0.57,1.12,0.32,0.35
13.535,1700,1,59.7,0.02,-0.783,-1.008,-0.017,0.02,8413,5178,4728,1405,0.62,0.53,0.27,1.36
13.567,1542,1,58.3,0.03,-0.627,-1.272,-0.017,0.02,8329,5289,4269,1469,0.96,0.5,0.54,0.71
13.598,1537,1,57.0,0.03,-0.465,-1.29,-0.018,0.019,8303,5328,4133,1520,0.93,1.24,0.49,0.53
13.615,1528,1,56.3,0.02,-0.708,-1.048,-0.018,0.018,8402,5202,4039,1635,0.46,0.84,0.6,0.33
13.647,1851,1,54.9,0.03,-0.698,-0.938,-0.018,0.017,8286,5368,3908,1816,0.5,0.53,0.47,0.16
13.678,1797,1,53.6,0.03,-0.68,-1.019,-0.018,0.016,8248,5783,3855,1913,0.48,0.39,0.46,0.15
13.694,1764,1,52.8,0.03,-0.25,-1.401,-0.018,0.016,8267,5509,3875,1964,1.35,2.65,0.45,0.15
13.711,1456,1,52.2,0.03,-0.605,-1.097,-0.018,0.015,8149,5907,3807,2007,0.57,0.42,0.57,0.25
13.742,1120,1,50.9,0.03,-0.447,-0.91,-0.018,0.014,8115,5870,3877,2157,0.62,1.24,0.15,0.14
13.758,1397,1,50.3,0.03,-0.388,-1.371,-0.018,0.014,8233,5578,4066,2083,1.03,0.77,0.51,1.39
13.789,1356,1,49.2,0.03,-0.405,-1.057,-0.018,0.014,7852,5743,4103,2198,1.8,0.37,0.5,0.41
13.805,1367,1,48.6,0.03,-0.467,-0.987,-0.018,0.014,7763,5607,3887,2052,0.43,2.93,0.37,0.46
13.821,1206,1,47.8,0.03,-0.451,-1.137,-0.017,0.013,8020,5878,4036,2071,0.77,0.38,0.39,0.44
13.852,1391,1,46.6,0.03,-0.273,-1.33,-0.017,0.014,8007,5820,4195,2049,0.93,0.74,0.28,0.25
13.883,1302,1,45.3,0.03,-0.313,-1.389,-0.017,0.014,8147,5707,4272,2073,0.42,1.56,0.3,0.31
13.914,1252,1,44.1,0.03,-0.301,-1.352,-0.017,0.014,8184,5562,4367,2022,0.4,2.92,0.25,0.59
13.945,1238,1,42.9,0.03,-0.331,-1.349,-0.016,0.015,8161,5440,4376,1999,0.35,2.13,0.27,0.54
13.977,1244,1,41.6,0.03,-0.565,-1.04,-0.016,0.014,8064,5433,4382,1999,0.3,1.17,0.26,0.61
14.008,1194,1,40.5,0.03,-0.657,-0.755,-0.016,0.014,7985,5571,4306,2017,0.28,0.37,0.27,0.84
14.039,1172,1,39.2,0.03,-0.575,-0.958,-0.016,0.013,7893,5945,4189,2067,0.25,0.26,0.27,1.09
14.071,1168,1,38.0,0.03,-0.468,-0.894,-0.016,0.012,7654,6051,4060,2192,0.21,0.3,0.28,0.57
14.103,1160,1,36.8,0.03,-0.368,-0.887,-0.016,0.011,7374,6069,3931,2146,0.23,0.81,0.3,0.85
14.134,1156,1,35.6,0.03,-0.322,-0.892,-0.017,0.01,7331,6039,3816,2236,0.19,2.42,0.3,0.76
14.164,1155,1,34.5,0.03,-0.302,-0.882,-0.017,0.009,7181,5951,3714,2306,0.19,2.87,0.31,0.56
14.195,1153,1,33.4,0.03,-0.357,-0.851,-0.017,0.007,7227,5912,3646,2412,0.15,0.84,0.31,0.49
14.211,1153,1,32.5,0.03,-0.114,-1.372,-0.017,0.007,7288,6401,3645,2462,2.72,0.76,0.29,0.45
14.228,1153,1,32.0,0.03,-0.378,-0.733,-0.017,0.006,7384,6004,3568,2512,0.14,0.38,0.32,0.44
14.26,1151,1,30.7,0.03,-0.281,-0.862,-0.017,0.005,7434,6191,3507,2604,0.18,0.14,0.31,0.41
14.291,1150,1,29.4,0.03,-0.182,-1.087,-0.017,0.005,7296,6598,3477,2671,1.63,0.18,0.29,0.38
14.322,1151,1,28.2,0.03,-0.063,-1.38,-0.017,0.004,7199,6654,3447,2726,2.54,0.11,0.29,0.36
14.354,1150,1,27.0,0.03,-0.043,-1.365,-0.016,0.004,7038,6539,3413,2773,2.18,2.41,0.3,0.36
14.37,1151,1,26.4,0.03,-0.313,-0.703,-0.016,0.004,7242,6217,3366,2800,0.14,0.34,0.32,0.37
14.386,1150,1,25.8,0.03,-0.061,-1.378,-0.016,0.004,6940,6477,3386,2795,1.62,2.98,0.31,0.35
14.417,1149,1,24.8,0.03,-0.169,-0.732,-0.016,0.004,6525,6260,3381,2820,0.21,4.27,0.33,0.36
14.433,1149,1,23.9,0.03,-0.05,-1.353,-0.016,0.004,6977,6635,3480,2838,4.3,0.1,0.29,0.33
14.464,1149,1,22.9,0.03,-0.055,-1.368,-0.016,0.004,6846,6523,3534,2807,2.53,0.68,0.29,0.34
14.481,1149,1,22.3,0.03,-0.231,-0.855,-0.016,0.004,7201,5933,3573,2819,0.27,0.84,0.29,0.37
14.512,1149,1,21.2,0.03,-0.139,-0.701,-0.016,0.004,7162,6222,3630,2867,1.51,0.42,0.28,0.34
14.528,1149,1,20.8,0.03,-0.155,-0.826,-0.015,0.004,6616,5909,3598,2884,0.25,3.73,0.29,0.36
14.559,1149,1,19.7,0.03,-0.269,0.001,-0.015,0.004,6573,6066,3559,2999,0.1,0.11,0.31,0.35
14.575,1149,1,19.1,0.03,0.017,-1.289,-0.015,0.004,6723,6133,3565,3006,7.09,7.99,0.26,0.3
14.606,1149,1,17.7,0.03,0.011,-1.312,-0.015,0.002,7050,6847,3439,3122,17.16,23.73,0.29,0.3
14.638,1148,1,16.2,0.03,0.009,-1.334,-0.015,0.001,7024,7112,3025,3121,15.18,19.17,0.34,0.3
14.669,1148,1,14.8,0.03,0.027,-1.341,-0.016,-0.001,6957,7259,2693,3118,14.03,23.27,0.41,0.3
14.685,1148,1,13.9,0.03,0.037,-1.328,-0.017,-0.002,6900,7286,2542,3077,15.73,14.42,0.44,0.3
14.701,1147,1,13.2,0.03,0.046,-1.336,-0.017,-0.002,6936,7383,2450,3024,13.98,17.32,0.48,0.31
14.732,1148,1,11.8,0.03,0.051,-1.337,-0.018,-0.003,6910,7375,2343,2912,22.22,14.53,0.54,0.33
14.764,1147,1,10.2,0.03,0.045,-1.352,-0.018,-0.003,6974,7385,2329,2789,13.85,9.31,0.56,0.35
14.78,1147,1,9.5,0.03,0.048,-1.349,-0.019,-0.003,7033,7425,2348,2733,9.67,12.02,0.55,0.37
14.797,1146,1,8.6,0.03,0.042,-1.35,-0.019,-0.002,7013,7349,2380,2680,8.98,6.21,0.52,0.36
14.828,1147,1,7.2,0.03,0.045,-1.36,-0.019,-0.002,7074,7286,2443,2617,5.45,4.69,0.49,0.37
14.859,1146,1,5.8,0.02,0.048,-1.356,-0.019,-0.001,7150,7201,2492,2599,5.0,6.7,0.46,0.38
14.89,1146,1,4.1,0.02,-0.018,-1.405,-0.02,-0.001,7190,7221,2532,2609,0.62,0.39,0.41,0.36
14.907,1145,1,3.5,0.02,0.068,-1.327,-0.02,-0.001,7126,7140,2558,2604,0.45,0.66,0.39,0.36
14.937,1144,1,1.8,0.02,-0.074,-1.413,-0.02,-0.001,7108,7274,2580,2695,0.64,1.03,0.36,0.32
14.954,1143,1,1.1,0.02,0.093,-1.326,-0.02,-0.001,7108,7268,2487,2761,0.41,0.73,0.35,0.3
14.985,1142,1,0.2,0.02,-0.085,-0.121,-0.019,-0.001,6071,6427,2851,2893,0.07,0.11,0.09,0.09
15.016,1141,1,0.1,0.02,0.051,-0.002,-0.017,-0.001,5845,5899,3386,3749,0.11,0.12,0.16,0.12
15.047,1141,1,0.1,0.02,-0.015,0.141,-0.014,-0.001,5518,5509,4769,4850,0.1,0.05,0.25,0.28
15.063,1141,1,0.2,0.02,0.079,-0.341,-0.013,-0.0,5379,5316,4967,4939,0.05,0.08,0.4,0.38
15.094,1142,1,0.2,0.02,0.035,0.333,-0.01,-0.0,5138,5018,5838,5789,0.08,0.09,0.42,0.49
15.11,1141,1,0.1,0.02,-0.014,-0.19,-0.009,0.0,4964,4872,6221,6134,0.06,0.07,0.41,0.38
15.127,1141,1,0.3,0.02,-0.018,-0.174,-0.007,0.0,4828,4735,5449,5380,0.07,0.07,0.57,0.65
15.157,1141,1,0.3,0.02,-0.086,0.417,-0.006,0.0,4634,4568,5961,5869,0.08,0.12,0.4,0.36
15.187,1142,1,0.3,0.02,0.024,0.129,-0.004,0.0,4539,4451,4779,4748,0.14,0.11,0.42,0.49
15.203,1142,1,0.2,0.02,-0.075,0.267,-0.004,0.0,4539,4471,5058,5022,0.1,0.19,0.31,0.3
15.22,1142,1,0.2,0.02,0.079,-0.314,-0.004,0.0,4541,4460,4621,4567,0.18,0.09,0.28,0.28
15.251,1141,1,0.1,0.02,-0.031,0.317,-0.003,0.0,4633,4611,4602,4594,0.11,0.17,0.15,0.16
15.267,1142,1,0.1,0.02,0.012,-0.301,-0.003,0.0,4655,4650,4243,4248,0.15,0.11,0.2,0.21
15.297,1142,1,0.1,0.02,0.061,0.395,-0.003,-0.0,4802,4803,4652,4681,0.11,0.13,0.14,0.15
15.314,1142,1,0.1,0.02,-0.002,-0.323,-0.002,-0.0,4794,4836,4334,4316,0.12,0.09,0.21,0.21
15.345,1142,1,0.1,0.02,-0.084,0.36,-0.002,-0.0,4918,4940,5070,5085,0.08,0.09,0.17,0.15
15.361,1142,1,0.1,0.02,0.028,-0.312,-0.001,-0.0,4901,4941,4706,4771,0.09,0.08,0.26,0.28
15.392,1142,1,0.1,0.02,0.041,0.355,-0.001,-0.0,4977,5011,5261,5294,0.08,0.06,0.21,0.21
15.424,1142,1,0.1,0.02,0.045,-0.314,-0.0,-0.0,4960,4970,5001,4994,0.08,0.05,0.28,0.33
15.454,1142,1,0.1,0.02,0.045,-0.314,-0.0,-0.0,4960,4970,5001,4994,0.08,0.05,0.28,0.33
15.484,1142,1,0.1,0.02,0.045,-0.314,-0.0,-0.0,4960,4970,5001,4994,0.08,0.05,0.28,0.33
15.501,1142,1,0.1,0.02,0.045,-0.314,-0.0,-0.0,4960,4970,5001,4994,0.08,0.05,0.28,0.33
15.532,1142,1,0.1,0.02,0.045,-0.314,-0.0,-0.0,4960,4970,5001,4994,0.08,0.05,0.28,0.33
15.562,1142,1,0.1,0.02,0.045,-0.314,-0.0,-0.0,4960,4970,5001,4994,0.08,0.05,0.28,0.33
15.578,1142,1,0.1,0.02,0.045,-0.314,-0.0,-0.0,4960,4970,5001,4994,0.08,0.05,0.28,0.33
15.594,1142,1,0.1,0.02,0.045,-0.314,-0.0,-0.0,4960,4970,5001,4994,0.08,0.05,0.28,0.33
15.611,1142,1,0.1,0.02,0.045,-0.314,-0.0,-0.0,4960,4970,5001,4994,0.08,0.05,0.28,0.33
15.627,1142,1,0.1,0.02,0.045,-0.314,-0.0,-0.0,4960,4970,5001,4994,0.08,0.05,0.28,0.33
15.657,1142,1,0.1,0.02,0.045,-0.314,-0.0,-0.0,4960,4970,5001,4994,0.08,0.05,0.28,0.33
15.673,1142,1,0.1,0.02,0.045,-0.314,-0.0,-0.0,4960,4970,5001,4994,0.08,0.05,0.28,0.33
15.704,1142,1,0.1,0.02,0.045,-0.314,-0.0,-0.0,4960,4970,5001,4994,0.08,0.05,0.28,0.33
15.721,1142,1,0.1,0.02,0.045,-0.314,-0.0,-0.0,4960,4970,5001,4994,0.08,0.05,0.28,0.33
15.752,1142,1,0.1,0.02,0.045,-0.314,-0.0,-0.0,4960,4970,5001,4994,0.08,0.05,0.28,0.33
15.784,1142,1,0.1,0.02,0.045,-0.314,-0.0,-0.0,4960,4970,5001,4994,0.08,0.05,0.28,0.33
15.815,1142,1,0.1,0.02,0.045,-0.314,-0.0,-0.0,4960,4970,5001,4994,0.08,0.05,0.28,0.33
15.846,1142,1,0.1,0.02,0.045,-0.314,-0.0,-0.0,4960,4970,5001,4994,0.08,0.05,0.28,0.33
15.877,1142,1,0.1,0.02,0.045,-0.314,-0.0,-0.0,4960,4970,5001,4994,0.08,0.05,0.28,0.33
15.908,1142,1,0.1,0.02,0.045,-0.314,-0.0,-0.0,4960,4970,5001,4994,0.08,0.05,0.28,0.33
15.924,1142,1,0.1,0.02,0.045,-0.314,-0.0,-0.0,4960,4970,5001,4994,0.08,0.05,0.28,0.33
15.941,1142,1,0.1,0.02,0.045,-0.314,-0.0,-0.0,4960,4970,5001,4994,0.08,0.05,0.28,0.33
15.972,1142,1,0.1,0.02,0.045,-0.314,-0.0,-0.0,4960,4970,5001,4994,0.08,0.05,0.28,0.33
15.988,1142,1,0.1,0.02,0.045,-0.314,-0.0,-0.0,4960,4970,5001,4994,0.08,0.05,0.28,0.33
16.019,1142,1,0.1,0.02,0.045,-0.314,-0.0,-0.0,4960,4970,5001,4994,0.08,0.05,0.28,0.33
16.051,1142,1,0.1,0.02,0.045,-0.314,-0.0,-0.0,4960,4970,5001,4994,0.08,0.05,0.28,0.33
16.082,1142,1,0.1,0.02,0.045,-0.314,-0.0,-0.0,4960,4970,5001,4994,0.08,0.05,0.28,0.33
16.098,1142,1,0.1,0.02,0.045,-0.314,-0.0,-0.0,4960,4970,5001,4994,0.08,0.05,0.28,0.33
16.129,1142,1,0.1,0.02,0.045,-0.314,-0.0,-0.0,4960,4970,5001,4994,0.08,0.05,0.28,0.33
16.161,1142,1,0.1,0.02,0.045,-0.314,-0.0,-0.0,4960,4970,5001,4994,0.08,0.05,0.28,0.33
16.193,1142,1,0.1,0.02,0.045,-0.314,-0.0,-0.0,4960,4970,5001,4994,0.08,0.05,0.28,0.33
16.223,1142,1,0.1,0.02,0.045,-0.314,-0.0,-0.0,4960,4970,5001,4994,0.08,0.05,0.28,0.33
16.253,1142,1,0.1,0.02,0.045,-0.314,-0.0,-0.0,4960,4970,5001,4994,0.08,0.05,0.28,0.33
16.284,1142,1,0.1,0.02,0.045,-0.314,-0.0,-0.0,4960,4970,5001,4994,0.08,0.05,0.28,0.33
16.315,1142,1,0.1,0.02,0.045,-0.314,-0.0,-0.0,4960,4970,5001,4994,0.08,0.05,0.28,0.33
16.346,1142,1,0.1,0.02,0.045,-0.314,-0.0,-0.0,4960,4970,5001,4994,0.08,0.05,0.28,0.33
16.376,1142,1,0.1,0.02,0.045,-0.314,-0.0,-0.0,4960,4970,5001,4994,0.08,0.05,0.28,0.33
16.392,1142,1,0.1,0.02,0.045,-0.314,-0.0,-0.0,4960,4970,5001,4994,0.08,0.05,0.28,0.33
16.423,1142,1,0.1,0.02,0.045,-0.314,-0.0,-0.0,4960,4970,5001,4994,0.08,0.05,0.28,0.33
16.454,1142,1,0.1,0.02,0.045,-0.314,-0.0,-0.0,4960,4970,5001,4994,0.08,0.05,0.28,0.33
16.47,1142,1,0.1,0.02,0.045,-0.314,-0.0,-0.0,4960,4970,5001,4994,0.08,0.05,0.28,0.33
16.501,1142,1,0.1,0.02,0.045,-0.314,-0.0,-0.0,4960,4970,5001,4994,0.08,0.05,0.28,0.33
16.532,1142,1,0.1,0.02,0.045,-0.314,-0.0,-0.0,4960,4970,5001,4994,0.08,0.05,0.28,0.33
16.548,1142,1,0.1,0.02,0.045,-0.314,-0.0,-0.0,4960,4970,5001,4994,0.08,0.05,0.28,0.33
16.578,1142,1,0.1,0.02,0.045,-0.314,-0.0,-0.0,4960,4970,5001,4994,0.08,0.05,0.28,0.33
16.609,1142,1,0.1,0.02,0.045,-0.314,-0.0,-0.0,4960,4970,5001,4994,0.08,0.05,0.28,0.33
16.625,1142,1,0.1,0.02,0.045,-0.314,-0.0,-0.0,4960,4970,5001,4994,0.08,0.05,0.28,0.33
16.656,1142,1,0.1,0.02,0.045,-0.314,-0.0,-0.0,4960,4970,5001,4994,0.08,0.05,0.28,0.33
16.672,1142,1,0.1,0.02,0.045,-0.314,-0.0,-0.0,4960,4970,5001,4994,0.08,0.05,0.28,0.33
16.702,1142,1,0.1,0.02,0.045,-0.314,-0.0,-0.0,4960,4970,5001,4994,0.08,0.05,0.28,0.33
16.732,1142,1,0.1,0.02,0.045,-0.314,-0.0,-0.0,4960,4970,5001,4994,0.08,0.05,0.28,0.33
16.763,1142,1,0.1,0.02,0.045,-0.314,-0.0,-0.0,4960,4970,5001,4994,0.08,0.05,0.28,0.33
16.794,1142,1,0.1,0.02,0.045,-0.314,-0.0,-0.0,4960,4970,5001,4994,0.08,0.05,0.28,0.33
16.824,1142,1,0.1,0.02,0.045,-0.314,-0.0,-0.0,4960,4970,5001,4994,0.08,0.05,0.28,0.33
16.854,1142,1,0.1,0.02,0.045,-0.314,-0.0,-0.0,4960,4970,5001,4994,0.08,0.05,0.28,0.33
16.871,1142,1,0.1,0.02,0.045,-0.314,-0.0,-0.0,4960,4970,5001,4994,0.08,0.05,0.28,0.33
16.9,1142,1,0.1,0.02,0.045,-0.314,-0.0,-0.0,4960,4970,5001,4994,0.08,0.05,0.28,0.33
16.917,1142,1,0.1,0.02,0.045,-0.314,-0.0,-0.0,4960,4970,5001,4994,0.08,0.05,0.28,0.33
16.947,1142,1,0.1,0.02,0.045,-0.314,-0.0,-0.0,4960,4970,5001,4994,0.08,0.05,0.28,0.33
16.977,1142,1,0.1,0.02,0.045,-0.314,-0.0,-0.0,4960,4970,5001,4994,0.08,0.05,0.28,0.33
17.007,1142,1,0.1,0.02,0.045,-0.314,-0.0,-0.0,4960,4970,5001,4994,0.08,0.05,0.28,0.33
17.024,1142,1,0.1,0.02,0.045,-0.314,-0.0,-0.0,4960,4970,5001,4994,0.08,0.05,0.28,0.33
17.04,1142,1,0.1,0.02,0.045,-0.314,-0.0,-0.0,4960,4970,5001,4994,0.08,0.05,0.28,0.33
17.056,1142,1,0.1,0.02,0.045,-0.314,-0.0,-0.0,4960,4970,5001,4994,0.08,0.05,0.28,0.33
17.087,1142,1,0.1,0.02,0.045,-0.314,-0.0,-0.0,4960,4970,5001,4994,0.08,0.05,0.28,0.33
17.118,1142,1,0.1,0.02,0.045,-0.314,-0.0,-0.0,4960,4970,5001,4994,0.08,0.05,0.28,0.33
17.148,1142,1,0.1,0.02,0.045,-0.314,-0.0,-0.0,4960,4970,5001,4994,0.08,0.05,0.28,0.33
17.178,1142,1,0.1,0.02,0.045,-0.314,-0.0,-0.0,4960,4970,5001,4994,0.08,0.05,0.28,0.33
17.208,1142,1,0.1,0.02,0.045,-0.314,-0.0,-0.0,4960,4970,5001,4994,0.08,0.05,0.28,0.33
17.224,1142,1,0.1,0.02,0.045,-0.314,-0.0,-0.0,4960,4970,5001,4994,0.08,0.05,0.28,0.33
17.254,1142,1,0.1,0.02,0.045,-0.314,-0.0,-0.0,4960,4970,5001,4994,0.08,0.05,0.28,0.33
17.285,1142,1,0.1,0.02,0.045,-0.314,-0.0,-0.0,4960,4970,5001,4994,0.08,0.05,0.28,0.33
17.317,1142,1,0.1,0.02,0.045,-0.314,-0.0,-0.0,4960,4970,5001,4994,0.08,0.05,0.28,0.33
17.347,1142,1,0.1,0.02,0.045,-0.314,-0.0,-0.0,4960,4970,5001,4994,0.08,0.05,0.28,0.33
17.364,1142,1,0.1,0.02,0.045,-0.314,-0.0,-0.0,4960,4970,5001,4994,0.08,0.05,0.28,0.33
17.394,1142,1,0.1,0.02,0.045,-0.314,-0.0,-0.0,4960,4970,5001,4994,0.08,0.05,0.28,0.33
17.411,1142,1,0.1,0.02,0.045,-0.314,-0.0,-0.0,4960,4970,5001,4994,0.08,0.05,0.28,0.33
17.442,1142,1,0.1,0.02,0.045,-0.314,-0.0,-0.0,4960,4970,5001,4994,0.08,0.05,0.28,0.33
17.474,1142,1,0.1,0.02,0.045,-0.314,-0.0,-0.0,4960,4970,5001,4994,0.08,0.05,0.28,0.33
17.504,1142,1,0.1,0.02,0.045,-0.314,-0.0,-0.0,4960,4970,5001,4994,0.08,0.05,0.28,0.33
17.534,1142,1,0.1,0.02,0.045,-0.314,-0.0,-0.0,4960,4970,5001,4994,0.08,0.05,0.28,0.33
17.551,1142,1,0.1,0.02,0.045,-0.314,-0.0,-0.0,4960,4970,5001,4994,0.08,0.05,0.28,0.33
17.567,1142,1,0.1,0.02,0.045,-0.314,-0.0,-0.0,4960,4970,5001,4994,0.08,0.05,0.28,0.33
17.599,1142,1,0.1,0.02,0.045,-0.314,-0.0,-0.0,4960,4970,5001,4994,0.08,0.05,0.28,0.33
17.629,1142,1,0.1,0.02,0.045,-0.314,-0.0,-0.0,4960,4970,5001,4994,0.08,0.05,0.28,0.33
17.645,1142,1,0.1,0.02,0.045,-0.314,-0.0,-0.0,4960,4970,5001,4994,0.08,0.05,0.28,0.33
17.677,1142,1,0.1,0.02,0.045,-0.314,-0.0,-0.0,4960,4970,5001,4994,0.08,0.05,0.28,0.33
17.707,1142,1,0.1,0.02,0.045,-0.314,-0.0,-0.0,4960,4970,5001,4994,0.08,0.05,0.28,0.33
17.724,1142,1,0.1,0.02,0.045,-0.314,-0.0,-0.0,4960,4970,5001,4994,0.08,0.05,0.28,0.33
17.74,1142,1,0.1,0.02,0.045,-0.314,-0.0,-0.0,4960,4970,5001,4994,0.08,0.05,0.28,0.33
17.756,1142,1,0.1,0.02,0.045,-0.314,-0.0,-0.0,4960,4970,5001,4994,0.08,0.05,0.28,0.33
17.772,1142,1,0.1,0.02,0.045,-0.314,-0.0,-0.0,4960,4970,5001,4994,0.08,0.05,0.28,0.33
17.788,1142,1,0.1,0.02,0.045,-0.314,-0.0,-0.0,4960,4970,5001,4994,0.08,0.05,0.28,0.33
17.819,1142,1,0.1,0.02,0.045,-0.314,-0.0,-0.0,4960,4970,5001,4994,0.08,0.05,0.28,0.33
17.835,1142,1,0.1,0.02,0.045,-0.314,-0.0,-0.0,4960,4970,5001,4994,0.08,0.05,0.28,0.33
17.865,1142,1,0.1,0.02,0.045,-0.314,-0.0,-0.0,4960,4970,5001,4994,0.08,0.05,0.28,0.33
17.898,1142,1,0.1,0.02,0.045,-0.314,-0.0,-0.0,4960,4970,5001,4994,0.08,0.05,0.28,0.33
17.928,1142,1,0.1,0.02,0.045,-0.314,-0.0,-0.0,4960,4970,5001,4994,0.08,0.05,0.28,0.33
17.944,1142,1,0.1,0.02,0.045,-0.314,-0.0,-0.0,4960,4970,5001,4994,0.08,0.05,0.28,0.33
17.961,1142,1,0.1,0.02,0.045,-0.314,-0.0,-0.0,4960,4970,5001,4994,0.08,0.05,0.28,0.33
17.977,1142,1,0.1,0.02,0.045,-0.314,-0.0,-0.0,4960,4970,5001,4994,0.08,0.05,0.28,0.33
18.008,1142,1,0.1,0.02,0.045,-0.314,-0.0,-0.0,4960,4970,5001,4994,0.08,0.05,0.28,0.33
18.038,1142,1,0.1,0.02,0.045,-0.314,-0.0,-0.0,4960,4970,5001,4994,0.08,0.05,0.28,0.33
18.069,1142,1,0.1,0.02,0.045,-0.314,-0.0,-0.0,4960,4970,5001,4994,0.08,0.05,0.28,0.33
18.085,1142,1,0.1,0.02,0.045,-0.314,-0.0,-0.0,4960,4970,5001,4994,0.08,0.05,0.28,0.33
18.116,1142,1,0.1,0.02,0.045,-0.314,-0.0,-0.0,4960,4970,5001,4994,0.08,0.05,0.28,0.33
18.146,1142,1,0.1,0.02,0.045,-0.314,-0.0,-0.0,4960,4970,5001,4994,0.08,0.05,0.28,0.33
18.178,1142,1,0.1,0.02,0.045,-0.314,-0.0,-0.0,4960,4970,5001,4994,0.08,0.05,0.28,0.33
18.21,1142,1,0.1,0.02,0.045,-0.314,-0.0,-0.0,4960,4970,5001,4994,0.08,0.05,0.28,0.33
18.241,1142,1,0.1,0.02,0.045,-0.314,-0.0,-0.0,4960,4970,5001,4994,0.08,0.05,0.28,0.33
18.257,1142,1,0.1,0.02,0.045,-0.314,-0.0,-0.0,4960,4970,5001,4994,0.08,0.05,0.28,0.33
18.288,1142,1,0.1,0.02,0.045,-0.314,-0.0,-0.0,4960,4970,5001,4994,0.08,0.05,0.28,0.33
18.318,1142,1,0.1,0.02,0.045,-0.314,-0.0,-0.0,4960,4970,5001,4994,0.08,0.05,0.28,0.33
18.349,1142,1,0.1,0.02,0.045,-0.314,-0.0,-0.0,4960,4970,5001,4994,0.08,0.05,0.28,0.33
